images,x_min,y_min,x_max,y_max,labels
S_09_05_16_DSC00936.JPG,210,763,246,806,3
S_09_05_16_DSC00936.JPG,493,132,537,168,3
S_09_05_16_DSC00936.JPG,448,0,478,25,3
S_09_05_16_DSC00936.JPG,224,1062,249,1089,3
S_09_05_16_DSC00937.JPG,2070,1119,2106,1165,3
S_09_05_16_DSC00937.JPG,1185,1886,1225,1922,3
S_09_05_16_DSC00937.JPG,1199,2034,1243,2051,3
S_09_05_16_DSC00937.JPG,984,2035,1016,2073,3
S_09_05_16_DSC00937.JPG,1021,2195,1065,2223,3
S_09_05_16_DSC00937.JPG,691,2850,722,2889,3
S_09_05_16_DSC00937.JPG,676,3157,704,3181,3
S_09_05_16_DSC00938.JPG,2784,3460,2822,3504,3
S_09_05_16_DSC00941.JPG,1658,2198,1697,2223,3
S_09_05_16_DSC00941.JPG,843,2133,878,2170,3
S_09_05_16_DSC00941.JPG,295,2761,316,2788,3
S_09_05_16_DSC00941.JPG,1231,1346,1276,1381,3
S_09_05_16_DSC00941.JPG,999,1289,1032,1325,3
S_09_05_16_DSC00941.JPG,564,156,620,201,3
S_09_05_16_DSC00941.JPG,667,0,693,21,3
S_09_05_16_DSC00941.JPG,2128,103,2164,132,3
S_09_05_16_DSC00941.JPG,4622,690,4668,724,3
S_09_05_16_DSC00942.JPG,4805,2531,4849,2556,3
S_09_05_16_DSC00942.JPG,1392,3257,1438,3296,3
S_09_05_16_DSC00942.JPG,1140,3213,1168,3247,3
S_09_05_16_DSC00942.JPG,630,2032,669,2072,3
S_09_05_16_DSC00942.JPG,732,1845,765,1902,3
S_09_05_16_DSC00942.JPG,2292,1959,2329,1983,3
S_09_05_16_DSC00942.JPG,2079,1333,2109,1380,3
S_09_05_16_DSC00942.JPG,1132,1478,1172,1518,3
S_09_05_16_DSC00942.JPG,387,1526,451,1555,3
S_09_05_16_DSC00942.JPG,786,1233,824,1272,3
S_09_05_16_DSC00942.JPG,1644,328,1681,390,3
S_09_05_16_DSC00942.JPG,5129,1303,5191,1352,3
S_09_05_16_DSC00943.JPG,2468,2557,2497,2601,3
S_09_05_16_DSC00943.JPG,2906,3524,2936,3567,3
S_09_05_16_DSC00943.JPG,1989,3675,2020,3718,3
S_09_05_16_DSC00943.JPG,1641,3423,1679,3469,3
S_09_05_16_DSC00943.JPG,1264,3719,1327,3758,3
S_09_05_16_DSC00943.JPG,641,3923,690,3979,3
S_09_05_16_DSC00943.JPG,369,3740,415,3768,3
S_09_05_16_DSC00943.JPG,2169,1840,2228,1875,3
S_09_05_16_DSC00943.JPG,1056,1396,1120,1416,3
S_09_05_16_DSC00943.JPG,1039,1319,1096,1346,3
S_09_05_16_DSC00943.JPG,1684,1289,1750,1311,3
S_09_05_16_DSC00943.JPG,1519,306,1577,382,3
S_09_05_16_DSC00943.JPG,2424,1026,2454,1092,3
S_09_05_16_DSC00943.JPG,2855,1089,2909,1123,3
S_09_05_16_DSC00943.JPG,4291,1296,4324,1347,3
S_09_05_16_DSC00943.JPG,4553,372,4585,415,3
S_09_05_16_DSC00944.JPG,3547,2561,3572,2606,3
S_09_05_16_DSC00944.JPG,3970,2566,4025,2594,3
S_09_05_16_DSC00944.JPG,5462,2638,5506,2683,3
S_09_05_16_DSC00944.JPG,4454,2673,4486,2697,4
S_09_05_16_DSC00944.JPG,3401,3307,3431,3351,3
S_09_05_16_DSC00944.JPG,2729,2870,2786,2888,3
S_09_05_16_DSC00944.JPG,2262,2932,2311,2951,3
S_09_05_16_DSC00944.JPG,2286,2991,2338,3016,3
S_09_05_16_DSC00944.JPG,3738,3931,3771,3983,3
S_09_05_16_DSC00944.JPG,118,3800,139,3834,3
S_09_05_16_DSC00944.JPG,186,3896,211,3929,3
S_09_05_16_DSC00944.JPG,33,3885,70,3907,3
S_09_05_16_DSC00944.JPG,464,3877,501,3895,3
S_09_05_16_DSC00944.JPG,2552,1932,2602,1962,3
S_09_05_16_DSC00944.JPG,315,1747,342,1773,3
S_09_05_16_DSC00944.JPG,285,1031,327,1058,3
S_09_05_16_DSC00944.JPG,119,632,145,660,3
S_09_05_16_DSC00944.JPG,3825,336,3863,392,3
S_09_05_16_DSC00944.JPG,3900,785,3926,839,3
S_09_05_16_DSC00944.JPG,3938,942,3993,981,3
S_09_05_16_DSC00944.JPG,4223,895,4243,937,3
S_09_05_16_DSC00944.JPG,5700,1660,5734,1715,3
S_09_05_16_DSC00945.JPG,4475,821,4512,876,3
S_09_05_16_DSC00945.JPG,4691,840,4730,878,3
S_09_05_16_DSC00945.JPG,4726,606,4784,632,3
S_09_05_16_DSC00945.JPG,4363,608,4420,638,3
S_09_05_16_DSC00945.JPG,4843,976,4888,1015,3
S_09_05_16_DSC00945.JPG,5281,770,5314,824,3
S_09_05_16_DSC00945.JPG,5308,307,5350,346,3
S_09_05_16_DSC00945.JPG,2305,1358,2338,1418,3
S_09_05_16_DSC00945.JPG,2142,825,2196,852,3
S_09_05_16_DSC00945.JPG,1989,830,2033,877,3
S_09_05_16_DSC00945.JPG,2196,685,2224,720,3
S_09_05_16_DSC00945.JPG,1362,234,1412,260,3
S_09_05_16_DSC00945.JPG,1359,318,1393,383,3
S_09_05_16_DSC00945.JPG,1230,183,1257,231,3
S_09_05_16_DSC00945.JPG,1095,192,1144,240,3
S_09_05_16_DSC00945.JPG,648,620,704,680,3
S_09_05_16_DSC00945.JPG,561,1546,586,1568,3
S_09_05_16_DSC00945.JPG,517,1628,555,1654,3
S_09_05_16_DSC00945.JPG,580,1817,632,1835,3
S_09_05_16_DSC00945.JPG,9,2908,39,2932,3
S_09_05_16_DSC00945.JPG,93,3349,139,3382,3
S_09_05_16_DSC00945.JPG,3999,3280,4027,3329,3
S_09_05_16_DSC00945.JPG,4012,3711,4033,3751,3
S_09_05_16_DSC00945.JPG,4022,3863,4081,3895,3
S_09_05_16_DSC00945.JPG,4298,3859,4336,3894,3
S_09_05_16_DSC00946.JPG,3302,1877,3351,1911,4
S_09_05_16_DSC00946.JPG,3561,2019,3590,2041,4
S_09_05_16_DSC00946.JPG,3096,1865,3117,1909,4
S_09_05_16_DSC00946.JPG,2594,1415,2622,1452,3
S_09_05_16_DSC00946.JPG,2548,1385,2600,1404,3
S_09_05_16_DSC00946.JPG,2314,1403,2359,1432,3
S_09_05_16_DSC00946.JPG,2358,1523,2382,1580,3
S_09_05_16_DSC00946.JPG,2128,1544,2174,1576,3
S_09_05_16_DSC00946.JPG,1966,1479,2009,1526,3
S_09_05_16_DSC00946.JPG,2056,1580,2081,1622,3
S_09_05_16_DSC00946.JPG,2617,937,2643,990,3
S_09_05_16_DSC00946.JPG,1687,1163,1725,1205,3
S_09_05_16_DSC00946.JPG,1416,850,1460,900,3
S_09_05_16_DSC00946.JPG,1089,852,1120,900,3
S_09_05_16_DSC00946.JPG,1237,1360,1302,1396,3
S_09_05_16_DSC00946.JPG,1114,1413,1152,1453,3
S_09_05_16_DSC00946.JPG,442,1160,487,1180,3
S_09_05_16_DSC00946.JPG,721,1605,758,1648,3
S_09_05_16_DSC00946.JPG,1029,1610,1077,1656,3
S_09_05_16_DSC00946.JPG,713,2133,760,2155,3
S_09_05_16_DSC00946.JPG,1609,2630,1660,2661,3
S_09_05_16_DSC00946.JPG,471,3217,501,3258,3
S_09_05_16_DSC00946.JPG,454,3310,499,3368,3
S_09_05_16_DSC00946.JPG,421,3404,464,3436,3
S_09_05_16_DSC00946.JPG,232,3361,269,3390,3
S_09_05_16_DSC00946.JPG,718,3526,774,3555,3
S_09_05_16_DSC00946.JPG,1430,3762,1474,3781,3
S_09_05_16_DSC00946.JPG,1394,3561,1426,3584,3
S_09_05_16_DSC00946.JPG,1433,3482,1460,3503,3
S_09_05_16_DSC00946.JPG,2319,2395,2348,2440,3
S_09_05_16_DSC00946.JPG,2333,2293,2371,2319,3
S_09_05_16_DSC00946.JPG,2204,2248,2229,2279,3
S_09_05_16_DSC00946.JPG,2073,2254,2122,2280,3
S_09_05_16_DSC00946.JPG,3105,2834,3135,2857,3
S_09_05_16_DSC00946.JPG,3037,2968,3095,2993,3
S_09_05_16_DSC00946.JPG,2881,2961,2933,2991,3
S_09_05_16_DSC00946.JPG,3152,3501,3184,3572,3
S_09_05_16_DSC00946.JPG,5855,3406,5925,3450,3
S_09_05_16_DSC00946.JPG,5681,3229,5724,3277,3
S_09_05_16_DSC00946.JPG,5438,3200,5490,3243,3
S_09_05_16_DSC00946.JPG,5736,2997,5814,3041,3
S_09_05_16_DSC00946.JPG,5329,2967,5411,2989,3
S_09_05_16_DSC00946.JPG,5029,2113,5092,2164,3
S_09_05_16_DSC00946.JPG,5356,1162,5406,1207,3
S_09_05_16_DSC00946.JPG,5063,318,5103,364,3
S_09_05_16_DSC00946.JPG,5445,5,5496,66,3
S_09_05_16_DSC00946.JPG,973,567,1022,630,3
S_09_05_16_DSC00946.JPG,632,566,673,637,3
S_09_05_16_DSC00947.JPG,4098,2184,4163,2214,3
S_09_05_16_DSC00947.JPG,4332,2205,4398,2237,3
S_09_05_16_DSC00947.JPG,4686,2014,4731,2028,3
S_09_05_16_DSC00947.JPG,4824,2012,4896,2050,3
S_09_05_16_DSC00947.JPG,5565,2886,5612,2927,3
S_09_05_16_DSC00947.JPG,5875,3818,5933,3862,3
S_09_05_16_DSC00947.JPG,2969,3789,3025,3819,3
S_09_05_16_DSC00947.JPG,2975,3821,3008,3854,3
S_09_05_16_DSC00947.JPG,2686,3777,2746,3801,3
S_09_05_16_DSC00947.JPG,2726,3916,2751,3963,3
S_09_05_16_DSC00947.JPG,2489,3882,2534,3925,3
S_09_05_16_DSC00947.JPG,2408,3920,2437,3965,3
S_09_05_16_DSC00947.JPG,2335,3816,2366,3857,3
S_09_05_16_DSC00947.JPG,2068,3450,2100,3493,3
S_09_05_16_DSC00947.JPG,1588,3627,1641,3668,3
S_09_05_16_DSC00947.JPG,1449,3673,1480,3709,3
S_09_05_16_DSC00947.JPG,1356,3870,1384,3918,3
S_09_05_16_DSC00947.JPG,1021,3838,1060,3871,3
S_09_05_16_DSC00947.JPG,1806,3124,1846,3163,3
S_09_05_16_DSC00947.JPG,1468,3082,1500,3128,3
S_09_05_16_DSC00947.JPG,1378,2793,1412,2836,3
S_09_05_16_DSC00947.JPG,1037,2760,1064,2814,3
S_09_05_16_DSC00947.JPG,790,3349,822,3367,3
S_09_05_16_DSC00947.JPG,5976,2168,6000,2196,3
S_09_05_16_DSC00947.JPG,5771,295,5853,337,1
S_09_05_16_DSC00947.JPG,3027,3327,3058,3378,3
S_09_05_16_DSC00949.JPG,4191,610,4252,646,3
S_09_05_16_DSC00950.JPG,4225,2483,4283,2521,3
S_09_05_16_DSC00951.JPG,4856,3857,4908,3894,3
S_09_05_16_DSC00952.JPG,2081,410,2133,456,3
S_09_05_16_DSC00953.JPG,2171,2578,2213,2637,3
S_09_05_16_DSC00954.JPG,746,1509,812,1532,3
S_09_05_16_DSC00954.JPG,716,692,777,737,3
S_09_05_16_DSC00954.JPG,61,379,116,413,3
S_09_05_16_DSC00955.JPG,4135,2068,4172,2123,3
S_09_05_16_DSC00955.JPG,4034,2128,4077,2155,3
S_09_05_16_DSC00955.JPG,4088,717,4124,766,3
S_09_05_16_DSC00955.JPG,3439,293,3486,325,3
S_09_05_16_DSC00955.JPG,1293,2234,1324,2259,3
S_09_05_16_DSC00955.JPG,818,3097,855,3140,3
S_09_05_16_DSC00955.JPG,166,2734,227,2756,3
S_09_05_16_DSC00955.JPG,2,2497,58,2542,3
S_09_05_16_DSC00955.JPG,747,3944,815,3972,3
S_09_05_16_DSC00956.JPG,4216,2090,4264,2124,3
S_09_05_16_DSC00956.JPG,4920,2395,4955,2438,3
S_09_05_16_DSC00956.JPG,5166,3681,5199,3752,3
S_09_05_16_DSC00956.JPG,5063,3763,5118,3794,3
S_09_05_16_DSC00956.JPG,847,3054,884,3077,3
S_09_05_16_DSC00957.JPG,5870,740,5904,780,3
S_09_05_16_DSC00957.JPG,5691,490,5746,546,3
S_09_05_16_DSC00957.JPG,5558,346,5594,400,3
S_09_05_16_DSC00958.JPG,5833,3464,5883,3506,3
S_09_05_16_DSC00958.JPG,5713,3305,5752,3368,3
S_09_05_16_DSC00958.JPG,4633,2680,4681,2726,4
S_09_05_16_DSC00958.JPG,3005,2027,3027,2077,4
S_09_05_16_DSC00958.JPG,2988,2130,3010,2179,4
S_09_05_16_DSC00958.JPG,2937,2141,2982,2174,4
S_09_05_16_DSC00958.JPG,2968,2163,2985,2195,4
S_09_05_16_DSC00960.JPG,1689,821,1716,852,3
S_09_05_16_DSC00960.JPG,1658,700,1700,736,3
S_09_05_16_DSC00960.JPG,782,574,812,609,3
S_09_05_16_DSC00960.JPG,564,714,613,738,3
S_09_05_16_DSC00960.JPG,503,692,532,715,3
S_09_05_16_DSC00960.JPG,127,853,154,876,3
S_09_05_16_DSC00961.JPG,1121,2528,1161,2563,3
S_09_05_16_DSC00961.JPG,918,2692,971,2711,3
S_09_05_16_DSC00961.JPG,858,2669,881,2686,3
S_09_05_16_DSC00961.JPG,508,2855,533,2881,3
S_09_05_16_DSC00961.JPG,2049,2604,2093,2640,3
S_09_05_16_DSC00961.JPG,2098,2727,2124,2761,3
S_09_05_16_DSC00966.JPG,5398,582,5445,632,3
S_09_05_16_DSC00969.JPG,5412,1115,5473,1169,1
S_09_05_16_DSC00970.JPG,5548,2868,5607,2914,1
S_09_05_16_DSC00970.JPG,2448,1695,2511,1735,3
S_09_05_16_DSC00970.JPG,735,1978,784,2026,3
S_09_05_16_DSC00970.JPG,4441,207,4491,240,3
S_09_05_16_DSC00971.JPG,2914,1948,2971,1983,3
S_09_05_16_DSC00971.JPG,5455,2404,5514,2438,3
S_09_05_16_DSC00971.JPG,3343,3826,3402,3879,3
S_09_05_16_DSC00971.JPG,1078,920,1139,965,3
S_09_05_16_DSC00972.JPG,1354,3513,1413,3572,3
S_09_05_16_DSC00973.JPG,85,1907,131,1962,3
S_09_05_16_DSC00977.JPG,5323,740,5367,817,2
S_09_05_16_DSC00977.JPG,5476,834,5508,867,2
S_09_05_16_DSC00978.JPG,5708,3099,5750,3176,2
S_09_05_16_DSC00978.JPG,5857,3204,5890,3234,2
S_09_05_16_DSC00980.JPG,2918,1935,2942,2008,1
S_09_05_16_DSC00980.JPG,2774,772,2813,838,1
S_09_05_16_DSC00981.JPG,3875,3294,3915,3364,1
S_09_05_16_DSC00982.JPG,4734,93,4759,157,1
S_09_05_16_DSC00983.JPG,4772,1687,4811,1750,1
S_09_05_16_DSC00983.JPG,5725,1941,5774,1995,1
S_09_05_16_DSC00983.JPG,5294,2138,5331,2207,1
S_09_05_16_DSC00984.JPG,5371,3570,5422,3642,1
S_09_05_16_DSC00991.JPG,5301,179,5384,216,1
S_09_05_16_DSC00991.JPG,4800,116,4848,152,1
S_09_05_16_DSC00991.JPG,4708,217,4760,254,1
S_09_05_16_DSC00991.JPG,4560,98,4622,140,1
S_09_05_16_DSC00991.JPG,4418,27,4466,54,1
S_09_05_16_DSC00991.JPG,4369,41,4453,76,1
S_09_05_16_DSC00992.JPG,5127,2069,5173,2087,1
S_09_05_16_DSC00992.JPG,5247,2159,5345,2196,1
S_09_05_16_DSC00992.JPG,5538,2272,5602,2289,1
S_09_05_16_DSC00992.JPG,5518,2288,5610,2328,1
S_09_05_16_DSC00992.JPG,5858,2400,5947,2427,1
S_09_05_16_DSC00992.JPG,5691,2403,5768,2431,1
S_09_05_16_DSC00992.JPG,5699,2468,5773,2538,1
S_09_05_16_DSC00992.JPG,5846,1124,5893,1190,1
S_09_05_16_DSC00992.JPG,5660,995,5719,1027,1
S_09_05_16_DSC00992.JPG,5844,815,5888,867,1
S_09_05_16_DSC00992.JPG,5716,652,5783,679,1
S_09_05_16_DSC00992.JPG,5496,611,5540,667,1
S_09_05_16_DSC00992.JPG,5404,760,5463,792,1
S_09_05_16_DSC00992.JPG,5193,790,5243,839,1
S_09_05_16_DSC00992.JPG,5151,595,5195,653,1
S_09_05_16_DSC00992.JPG,5938,100,5991,161,1
S_09_05_16_DSC00992.JPG,5939,210,5999,240,1
S_09_05_16_DSC00993.JPG,3967,636,4002,673,1
S_09_05_16_DSC00993.JPG,3909,656,3966,706,1
S_09_05_16_DSC00994.JPG,901,1640,939,1675,1
S_09_05_16_DSC00994.JPG,794,1559,852,1597,1
S_09_05_16_DSC00994.JPG,611,1474,664,1501,1
S_09_05_16_DSC00994.JPG,768,1621,827,1658,1
S_09_05_16_DSC00994.JPG,4494,2649,4529,2698,1
S_09_05_16_DSC00994.JPG,4442,2678,4494,2728,1
S_09_05_16_DSC00995.JPG,2099,3905,2164,3973,1
S_09_05_16_DSC00995.JPG,1940,3820,1981,3862,1
S_09_05_16_DSC00995.JPG,1754,3975,1797,3997,1
S_09_05_16_DSC00995.JPG,1379,3569,1424,3611,1
S_09_05_16_DSC00995.JPG,520,3376,584,3416,1
S_09_05_16_DSC00995.JPG,220,3155,255,3188,1
S_09_05_16_DSC00995.JPG,269,2721,319,2768,1
S_09_05_16_DSC00995.JPG,51,2684,94,2747,1
S_09_05_16_DSC00995.JPG,206,2642,246,2670,1
S_09_05_16_DSC00995.JPG,200,2666,256,2707,1
S_09_05_16_DSC00995.JPG,1088,626,1126,675,3
S_09_05_16_DSC00996.JPG,1253,2791,1291,2838,3
S_09_05_16_DSC01002.JPG,2125,813,2167,854,3
S_09_05_16_DSC01003.JPG,3078,3003,3122,3050,3
S_09_05_16_DSC01065.JPG,1287,1963,1361,2006,2
S_09_05_16_DSC01066.JPG,492,3770,577,3823,2
S_10_05_16_DSC00467.JPG,243,560,280,595,4
S_10_05_16_DSC00467.JPG,148,514,202,545,4
S_10_05_16_DSC00467.JPG,217,561,237,595,4
S_10_05_16_DSC00467.JPG,238,590,277,616,4
S_10_05_16_DSC00467.JPG,229,607,279,639,4
S_10_05_16_DSC00468.JPG,660,2643,692,2683,4
S_10_05_16_DSC00468.JPG,656,2678,688,2698,4
S_10_05_16_DSC00468.JPG,642,2688,684,2717,4
S_10_05_16_DSC00468.JPG,636,2675,647,2697,4
S_10_05_16_DSC00468.JPG,583,2589,619,2629,4
S_10_05_16_DSC00470.JPG,169,1018,239,1093,2
S_10_05_16_DSC00470.JPG,159,703,234,754,2
S_10_05_16_DSC00470.JPG,600,65,686,131,2
S_10_05_16_DSC00470.JPG,998,0,1091,71,2
S_10_05_16_DSC00470.JPG,231,0,319,58,2
S_10_05_16_DSC00470.JPG,1551,28,1615,93,2
S_10_05_16_DSC00471.JPG,1530,798,1593,866,2
S_10_05_16_DSC00471.JPG,1536,864,1568,915,2
S_10_05_16_DSC00471.JPG,1784,842,1859,916,2
S_10_05_16_DSC00471.JPG,1442,980,1482,1062,2
S_10_05_16_DSC00471.JPG,1356,992,1399,1063,2
S_10_05_16_DSC00471.JPG,1263,1123,1314,1207,2
S_10_05_16_DSC00471.JPG,1747,1070,1801,1123,2
S_10_05_16_DSC00471.JPG,1843,1034,1887,1130,2
S_10_05_16_DSC00471.JPG,1637,1179,1685,1249,2
S_10_05_16_DSC00471.JPG,1313,1310,1355,1389,2
S_10_05_16_DSC00471.JPG,1348,1364,1393,1426,2
S_10_05_16_DSC00471.JPG,1154,1322,1185,1367,2
S_10_05_16_DSC00471.JPG,1104,1303,1151,1382,2
S_10_05_16_DSC00471.JPG,793,1314,847,1398,2
S_10_05_16_DSC00471.JPG,667,1426,761,1494,2
S_10_05_16_DSC00471.JPG,870,1491,946,1535,2
S_10_05_16_DSC00471.JPG,1093,1499,1177,1540,2
S_10_05_16_DSC00471.JPG,1194,1468,1259,1556,2
S_10_05_16_DSC00471.JPG,1251,1564,1291,1637,2
S_10_05_16_DSC00471.JPG,1191,1558,1216,1595,2
S_10_05_16_DSC00471.JPG,1088,1716,1163,1754,2
S_10_05_16_DSC00471.JPG,960,1730,1041,1782,2
S_10_05_16_DSC00471.JPG,779,1655,838,1733,2
S_10_05_16_DSC00471.JPG,838,1791,888,1845,2
S_10_05_16_DSC00471.JPG,814,1786,845,1827,2
S_10_05_16_DSC00471.JPG,661,1784,721,1863,2
S_10_05_16_DSC00471.JPG,520,1718,575,1784,2
S_10_05_16_DSC00471.JPG,370,1608,455,1678,2
S_10_05_16_DSC00471.JPG,134,1616,198,1703,2
S_10_05_16_DSC00471.JPG,371,1774,428,1827,2
S_10_05_16_DSC00471.JPG,431,1830,513,1900,2
S_10_05_16_DSC00471.JPG,607,1850,665,1932,2
S_10_05_16_DSC00471.JPG,822,1895,881,1972,2
S_10_05_16_DSC00471.JPG,778,2021,864,2088,2
S_10_05_16_DSC00471.JPG,454,1958,543,2002,2
S_10_05_16_DSC00471.JPG,151,1918,240,1989,2
S_10_05_16_DSC00471.JPG,0,1963,50,2052,2
S_10_05_16_DSC00471.JPG,1194,1991,1280,2046,2
S_10_05_16_DSC00471.JPG,336,2630,396,2687,2
S_10_05_16_DSC00471.JPG,337,2941,400,3025,2
S_10_05_16_DSC00471.JPG,1767,1915,1801,2003,2
S_10_05_16_DSC00471.JPG,1609,1734,1649,1821,2
S_10_05_16_DSC00471.JPG,1505,1810,1553,1895,2
S_10_05_16_DSC00471.JPG,1606,1931,1641,1985,2
S_10_05_16_DSC00472.JPG,1905,3033,1967,3106,2
S_10_05_16_DSC00472.JPG,1963,3183,2023,3270,2
S_10_05_16_DSC00472.JPG,1874,3245,1927,3310,2
S_10_05_16_DSC00472.JPG,1650,2985,1715,3052,2
S_10_05_16_DSC00472.JPG,1639,3024,1678,3071,2
S_10_05_16_DSC00472.JPG,1561,3088,1603,3151,2
S_10_05_16_DSC00472.JPG,1463,3137,1512,3218,2
S_10_05_16_DSC00472.JPG,1746,3365,1808,3430,2
S_10_05_16_DSC00472.JPG,1376,3283,1446,3353,2
S_10_05_16_DSC00472.JPG,1394,3450,1452,3532,2
S_10_05_16_DSC00472.JPG,1458,3514,1494,3570,2
S_10_05_16_DSC00472.JPG,1252,3458,1285,3517,2
S_10_05_16_DSC00472.JPG,1166,3420,1244,3500,2
S_10_05_16_DSC00472.JPG,891,3449,946,3535,2
S_10_05_16_DSC00472.JPG,761,3548,847,3637,2
S_10_05_16_DSC00472.JPG,955,3631,1028,3686,2
S_10_05_16_DSC00472.JPG,1190,3656,1268,3697,2
S_10_05_16_DSC00472.JPG,1289,3611,1346,3699,2
S_10_05_16_DSC00472.JPG,1348,3707,1406,3782,2
S_10_05_16_DSC00472.JPG,1278,3696,1308,3760,2
S_10_05_16_DSC00472.JPG,1685,3818,1729,3915,2
S_10_05_16_DSC00472.JPG,1581,3884,1631,3984,2
S_10_05_16_DSC00472.JPG,1161,3872,1248,3925,2
S_10_05_16_DSC00472.JPG,1035,3878,1128,3943,2
S_10_05_16_DSC00472.JPG,848,3783,913,3885,2
S_10_05_16_DSC00472.JPG,880,3919,940,3979,2
S_10_05_16_DSC00472.JPG,729,3925,783,4000,2
S_10_05_16_DSC00472.JPG,654,3952,696,4000,2
S_10_05_16_DSC00472.JPG,551,3851,636,3906,2
S_10_05_16_DSC00472.JPG,455,3961,541,4000,2
S_10_05_16_DSC00472.JPG,398,3870,455,3932,2
S_10_05_16_DSC00472.JPG,425,3724,522,3805,2
S_10_05_16_DSC00472.JPG,183,3658,240,3765,2
S_10_05_16_DSC00472.JPG,0,3774,57,3883,2
S_10_05_16_DSC00493.JPG,522,1032,634,1087,5
S_10_05_16_DSC00494.JPG,510,3253,613,3317,5
S_10_05_16_DSC00544.JPG,5367,1513,5442,1573,5
S_10_05_16_DSC00544.JPG,5132,2143,5182,2205,5
S_10_05_16_DSC00544.JPG,5124,2610,5170,2665,5
S_10_05_16_DSC00544.JPG,5160,2798,5235,2842,5
S_10_05_16_DSC00544.JPG,4755,2938,4800,2993,5
S_10_05_16_DSC00581.JPG,3286,2298,3323,2329,3
S_10_05_16_DSC00581.JPG,2991,2219,3011,2254,3
S_10_05_16_DSC00594.JPG,936,1740,1017,1772,1
S_10_05_16_DSC00595.JPG,893,3767,980,3797,1
S_10_05_16_DSC00603.JPG,875,1095,934,1123,3
S_10_05_16_DSC00624.JPG,5123,985,5195,1032,1
S_10_05_16_DSC00625.JPG,4714,2891,4782,2936,1
S_10_05_16_DSC00627.JPG,3869,2921,3924,2967,1
S_10_05_16_DSC00639.JPG,2412,204,2462,270,1
S_10_05_16_DSC00640.JPG,2250,2744,2300,2818,1
S_10_05_16_DSC00641.JPG,4484,2383,4567,2423,1
S_10_05_16_DSC00641.JPG,5698,2232,5788,2272,1
S_10_05_16_DSC00641.JPG,4219,3161,4256,3220,4
S_10_05_16_DSC00643.JPG,4635,922,4668,981,1
S_10_05_16_DSC00643.JPG,5917,2172,5980,2244,4
S_10_05_16_DSC00652.JPG,2060,2780,2129,2807,1
S_10_05_16_DSC00652.JPG,1792,239,1863,275,1
S_10_05_16_DSC00653.JPG,1277,2295,1352,2327,1
S_10_05_16_DSC00675.JPG,4986,2337,5074,2384,3
S_10_05_16_DSC00727.JPG,3552,2452,3593,2501,3
S_10_05_16_DSC00733.JPG,542,1565,588,1602,3
S_10_05_16_DSC00734.JPG,932,3716,987,3748,3
S_10_05_16_DSC00734.JPG,0,2605,49,2668,3
S_10_05_16_DSC00734.JPG,189,2283,232,2323,3
S_10_05_16_DSC00734.JPG,282,2030,320,2068,3
S_10_05_16_DSC00734.JPG,579,1809,628,1836,3
S_10_05_16_DSC00734.JPG,1108,1587,1154,1622,3
S_10_05_16_DSC00734.JPG,1406,1435,1457,1464,3
S_10_05_16_DSC00734.JPG,1442,1150,1476,1202,3
S_10_05_16_DSC00734.JPG,1026,1099,1082,1144,3
S_10_05_16_DSC00734.JPG,806,688,851,724,3
S_10_05_16_DSC00734.JPG,1026,495,1054,551,3
S_10_05_16_DSC00734.JPG,618,278,646,318,3
S_10_05_16_DSC00734.JPG,1046,221,1084,263,3
S_10_05_16_DSC00734.JPG,204,375,255,414,3
S_10_05_16_DSC00734.JPG,1667,345,1689,376,3
S_10_05_16_DSC00734.JPG,1961,762,2005,794,3
S_10_05_16_DSC00734.JPG,2109,513,2153,560,3
S_10_05_16_DSC00734.JPG,2345,584,2386,622,3
S_10_05_16_DSC00734.JPG,2696,613,2720,657,3
S_10_05_16_DSC00734.JPG,2602,816,2636,864,3
S_10_05_16_DSC00734.JPG,2861,856,2888,902,3
S_10_05_16_DSC00734.JPG,3344,208,3369,254,3
S_10_05_16_DSC00734.JPG,2354,105,2410,154,3
S_10_05_16_DSC00735.JPG,3498,2403,3523,2457,3
S_10_05_16_DSC00735.JPG,2478,2281,2532,2314,3
S_10_05_16_DSC00735.JPG,2239,2700,2283,2749,3
S_10_05_16_DSC00735.JPG,2474,2765,2524,2805,3
S_10_05_16_DSC00735.JPG,2843,2803,2866,2846,3
S_10_05_16_DSC00735.JPG,2747,3013,2784,3075,3
S_10_05_16_DSC00735.JPG,3018,3056,3040,3111,3
S_10_05_16_DSC00735.JPG,2087,2933,2137,2966,3
S_10_05_16_DSC00735.JPG,1783,2491,1803,2518,3
S_10_05_16_DSC00735.JPG,1144,2355,1187,2391,3
S_10_05_16_DSC00735.JPG,1131,2649,1159,2686,3
S_10_05_16_DSC00735.JPG,903,2830,953,2866,3
S_10_05_16_DSC00735.JPG,703,2408,749,2453,3
S_10_05_16_DSC00735.JPG,305,2525,344,2552,3
S_10_05_16_DSC00735.JPG,0,2591,45,2619,3
S_10_05_16_DSC00735.JPG,1140,3246,1192,3301,3
S_10_05_16_DSC00735.JPG,1567,3335,1595,3385,3
S_10_05_16_DSC00735.JPG,1536,3613,1587,3652,3
S_10_05_16_DSC00735.JPG,1226,3768,1281,3825,3
S_10_05_16_DSC00736.JPG,1205,3406,1235,3470,3
S_10_05_16_DSC00740.JPG,3659,749,3703,792,4
S_10_05_16_DSC00740.JPG,3631,837,3662,879,4
S_10_05_16_DSC00740.JPG,3363,653,3397,688,4
S_10_05_16_DSC00740.JPG,2673,1264,2717,1319,4
S_10_05_16_DSC00740.JPG,4605,1663,4654,1718,3
S_10_05_16_DSC00740.JPG,5481,1936,5514,2002,4
S_10_05_16_DSC00741.JPG,4764,3757,4793,3826,3
S_10_05_16_DSC00741.JPG,3538,2729,3587,2757,4
S_10_05_16_DSC00741.JPG,3830,2841,3869,2879,4
S_10_05_16_DSC00741.JPG,3805,2923,3839,2966,4
S_10_05_16_DSC00741.JPG,2827,3327,2875,3384,4
S_10_05_16_DSC00766.JPG,734,669,811,778,5
S_10_05_16_DSC00767.JPG,238,2771,338,2852,5
S_10_05_16_DSC00768.JPG,5444,1355,5502,1392,3
S_10_05_16_DSC00768.JPG,5713,628,5749,680,3
S_10_05_16_DSC00768.JPG,5757,463,5817,511,3
S_10_05_16_DSC00768.JPG,5617,455,5646,509,3
S_10_05_16_DSC00768.JPG,5548,586,5612,622,3
S_10_05_16_DSC00768.JPG,5482,398,5533,450,3
S_10_05_16_DSC00768.JPG,5446,515,5512,551,3
S_10_05_16_DSC00768.JPG,5335,431,5396,464,3
S_10_05_16_DSC00768.JPG,5329,549,5372,592,3
S_10_05_16_DSC00768.JPG,5249,580,5283,647,3
S_10_05_16_DSC00768.JPG,5643,245,5702,314,3
S_10_05_16_DSC00785.JPG,125,1371,210,1396,5
S_10_05_16_DSC00789.JPG,5753,928,5821,971,3
S_10_05_16_DSC00790.JPG,435,971,483,995,3
S_10_05_16_DSC00790.JPG,221,950,262,991,3
S_10_05_16_DSC00790.JPG,60,877,111,910,3
S_10_05_16_DSC00790.JPG,56,997,103,1030,3
S_10_05_16_DSC00790.JPG,49,1042,90,1086,3
S_10_05_16_DSC00790.JPG,241,725,285,770,3
S_10_05_16_DSC00790.JPG,5372,3046,5434,3081,3
S_10_05_16_DSC00791.JPG,200,3387,246,3420,3
S_10_05_16_DSC00791.JPG,0,3150,51,3197,3
S_10_05_16_DSC00791.JPG,0,3376,21,3413,3
S_10_05_16_DSC00792.JPG,2332,2185,2375,2225,3
S_10_05_16_DSC00792.JPG,2377,2311,2401,2365,3
S_10_05_16_DSC00792.JPG,2396,2344,2418,2408,3
S_10_05_16_DSC00792.JPG,2172,2352,2205,2409,3
S_10_05_16_DSC00792.JPG,1340,2946,1387,2991,3
S_10_05_16_DSC00792.JPG,533,3569,577,3650,1
S_10_05_16_DSC00792.JPG,190,3541,256,3582,1
S_10_05_16_DSC00792.JPG,27,2744,118,2787,3
S_10_05_16_DSC00792.JPG,674,2318,730,2378,3
S_10_05_16_DSC00792.JPG,468,2130,506,2190,3
S_10_05_16_DSC00792.JPG,585,1890,650,1934,1
S_10_05_16_DSC00792.JPG,827,1628,883,1658,3
S_10_05_16_DSC00792.JPG,901,1213,950,1254,3
S_10_05_16_DSC00792.JPG,903,1129,975,1159,3
S_10_05_16_DSC00792.JPG,727,1205,793,1242,3
S_10_05_16_DSC00792.JPG,1225,975,1267,1025,3
S_10_05_16_DSC00792.JPG,78,732,141,776,3
S_10_05_16_DSC00792.JPG,982,185,1018,238,3
S_10_05_16_DSC00792.JPG,2093,382,2140,425,3
S_10_05_16_DSC00792.JPG,2593,333,2637,388,3
S_10_05_16_DSC00792.JPG,2821,117,2865,154,3
S_10_05_16_DSC00792.JPG,542,108,579,139,3
S_10_05_16_DSC00793.JPG,4667,3332,4736,3374,3
S_10_05_16_DSC00793.JPG,4422,3145,4473,3175,3
S_10_05_16_DSC00793.JPG,3353,2862,3377,2938,1
S_10_05_16_DSC00793.JPG,2583,3080,2631,3108,3
S_10_05_16_DSC00793.JPG,2486,3031,2520,3073,3
S_10_05_16_DSC00793.JPG,2508,3138,2560,3170,3
S_10_05_16_DSC00793.JPG,2582,3645,2623,3708,3
S_10_05_16_DSC00793.JPG,2012,3952,2061,4000,3
S_10_05_16_DSC00793.JPG,1926,3650,1968,3703,3
S_10_05_16_DSC00793.JPG,1959,3143,1997,3218,1
S_10_05_16_DSC00793.JPG,1610,3072,1648,3150,1
S_10_05_16_DSC00793.JPG,1275,3942,1326,3998,3
S_10_05_16_DSC00793.JPG,803,3964,849,4000,3
S_10_05_16_DSC00793.JPG,449,3974,490,4000,3
S_10_05_16_DSC00793.JPG,702,3222,764,3265,3
S_10_05_16_DSC00793.JPG,849,3121,887,3170,3
S_10_05_16_DSC00793.JPG,842,2977,874,3026,3
S_10_05_16_DSC00793.JPG,740,2810,798,2852,3
S_10_05_16_DSC00793.JPG,403,2535,456,2599,1
S_10_05_16_DSC00793.JPG,1315,2385,1341,2410,3
S_10_05_16_DSC00793.JPG,1407,1892,1439,1912,3
S_10_05_16_DSC00793.JPG,1361,1969,1391,2009,3
S_10_05_16_DSC00793.JPG,826,1812,893,1845,3
S_10_05_16_DSC00793.JPG,515,2014,554,2041,3
S_10_05_16_DSC00793.JPG,754,1610,811,1662,1
S_10_05_16_DSC00793.JPG,781,1395,811,1432,3
S_10_05_16_DSC00793.JPG,1996,1472,2042,1514,3
S_10_05_16_DSC00793.JPG,2087,1485,2120,1528,3
S_10_05_16_DSC00793.JPG,2069,1296,2129,1339,3
S_10_05_16_DSC00793.JPG,1588,940,1631,984,3
S_10_05_16_DSC00793.JPG,527,37,612,84,1
S_10_05_16_DSC00794.JPG,3272,1758,3319,1793,4
S_10_05_16_DSC00794.JPG,3148,1677,3170,1732,4
S_10_05_16_DSC00794.JPG,1794,3007,1819,3037,3
S_10_05_16_DSC00794.JPG,2238,3824,2266,3907,1
S_10_05_16_DSC00794.JPG,245,3750,303,3843,1
S_10_05_16_DSC00794.JPG,3215,177,3293,287,2
S_10_05_16_DSC00795.JPG,3580,2147,3686,2195,2
S_10_05_16_DSC00795.JPG,3242,2388,3315,2488,2
S_10_05_16_DSC00795.JPG,3190,3893,3213,3950,4
S_10_05_16_DSC00795.JPG,3314,3974,3351,4000,4
S_10_05_16_DSC00796.JPG,4918,1751,5006,1831,2
S_10_05_16_DSC00796.JPG,4959,1552,5031,1644,2
S_10_05_16_DSC00796.JPG,5248,691,5346,771,2
S_10_05_16_DSC00796.JPG,2593,1048,2672,1142,2
S_10_05_16_DSC00797.JPG,2884,1956,2938,2054,2
S_10_05_16_DSC00797.JPG,2765,2021,2835,2095,2
S_10_05_16_DSC00797.JPG,2834,2050,2894,2122,2
S_10_05_16_DSC00797.JPG,2063,2405,2132,2484,2
S_10_05_16_DSC00800.JPG,2454,2210,2516,2274,3
S_10_05_16_DSC00800.JPG,4244,2745,4271,2799,3
S_10_05_16_DSC00806.JPG,1435,2812,1507,2848,3
S_10_05_16_DSC00808.JPG,4768,1597,4838,1681,2
S_10_05_16_DSC00808.JPG,4764,1767,4817,1831,2
S_10_05_16_DSC00808.JPG,4718,1777,4798,1872,2
S_10_05_16_DSC00808.JPG,4711,866,4766,943,2
S_10_05_16_DSC00808.JPG,4720,561,4768,648,2
S_10_05_16_DSC00808.JPG,5003,201,5052,301,2
S_10_05_16_DSC00808.JPG,5225,31,5288,150,2
S_10_05_16_DSC00808.JPG,5225,0,5265,58,2
S_10_05_16_DSC00808.JPG,5571,156,5631,217,2
S_10_05_16_DSC00808.JPG,5600,188,5694,281,2
S_10_05_16_DSC00808.JPG,5957,214,6000,274,2
S_10_05_16_DSC00808.JPG,4617,199,4653,276,2
S_10_05_16_DSC00808.JPG,4536,206,4600,305,2
S_10_05_16_DSC00808.JPG,4380,3,4449,49,2
S_10_05_16_DSC00808.JPG,3924,0,3976,87,2
S_10_05_16_DSC00808.JPG,3719,51,3745,119,2
S_10_05_16_DSC00808.JPG,3525,227,3560,306,2
S_10_05_16_DSC00808.JPG,3309,31,3385,93,2
S_10_05_16_DSC00808.JPG,3296,167,3369,249,2
S_10_05_16_DSC00808.JPG,3019,159,3084,256,2
S_10_05_16_DSC00808.JPG,2667,123,2714,211,2
S_10_05_16_DSC00808.JPG,2598,78,2654,179,2
S_10_05_16_DSC00808.JPG,2574,0,2609,41,2
S_10_05_16_DSC00808.JPG,2391,288,2454,362,2
S_10_05_16_DSC00808.JPG,2986,436,3036,540,2
S_10_05_16_DSC00808.JPG,2742,534,2785,638,2
S_10_05_16_DSC00808.JPG,2561,791,2608,894,2
S_10_05_16_DSC00808.JPG,2340,1022,2381,1123,2
S_10_05_16_DSC00808.JPG,2214,1297,2259,1389,2
S_10_05_16_DSC00808.JPG,1436,332,1501,432,2
S_10_05_16_DSC00808.JPG,1699,75,1764,139,2
S_10_05_16_DSC00808.JPG,1424,54,1476,166,2
S_10_05_16_DSC00808.JPG,1543,0,1582,31,2
S_10_05_16_DSC00808.JPG,1602,0,1646,23,2
S_10_05_16_DSC00809.JPG,2920,1823,2982,1911,2
S_10_05_16_DSC00809.JPG,2999,1669,3080,1774,2
S_10_05_16_DSC00809.JPG,2661,1564,2696,1654,2
S_10_05_16_DSC00809.JPG,3045,1366,3107,1459,2
S_10_05_16_DSC00809.JPG,3140,1227,3201,1287,2
S_10_05_16_DSC00809.JPG,3189,782,3264,854,2
S_10_05_16_DSC00809.JPG,3168,560,3237,605,2
S_10_05_16_DSC00809.JPG,3222,444,3316,492,2
S_10_05_16_DSC00809.JPG,2827,534,2877,638,2
S_10_05_16_DSC00809.JPG,2767,797,2808,854,2
S_10_05_16_DSC00809.JPG,2404,439,2456,524,2
S_10_05_16_DSC00809.JPG,2406,280,2465,380,2
S_10_05_16_DSC00809.JPG,2297,353,2331,413,2
S_10_05_16_DSC00809.JPG,2238,314,2322,366,2
S_10_05_16_DSC00809.JPG,2556,141,2656,195,2
S_10_05_16_DSC00809.JPG,2626,0,2720,49,2
S_10_05_16_DSC00809.JPG,2944,313,2992,388,2
S_10_05_16_DSC00809.JPG,1488,191,1549,283,2
S_10_05_16_DSC00809.JPG,1501,322,1536,409,2
S_10_05_16_DSC00809.JPG,1394,658,1453,756,2
S_10_05_16_DSC00809.JPG,1472,786,1511,851,2
S_10_05_16_DSC00809.JPG,1982,748,2040,807,2
S_10_05_16_DSC00809.JPG,1971,920,2026,1023,2
S_10_05_16_DSC00809.JPG,1793,1118,1832,1190,2
S_10_05_16_DSC00809.JPG,1450,1137,1504,1214,2
S_10_05_16_DSC00809.JPG,1429,1326,1476,1415,2
S_10_05_16_DSC00809.JPG,1822,1374,1872,1473,2
S_10_05_16_DSC00809.JPG,2907,2513,2949,2613,2
S_10_05_16_DSC00809.JPG,2984,2598,3030,2707,2
S_10_05_16_DSC00809.JPG,3162,2687,3243,2731,2
S_10_05_16_DSC00809.JPG,2051,2694,2110,2804,2
S_10_05_16_DSC00809.JPG,1321,2322,1396,2364,2
S_10_05_16_DSC00809.JPG,3569,2822,3609,2886,2
S_10_05_16_DSC00809.JPG,3854,2815,3891,2917,2
S_10_05_16_DSC00809.JPG,4111,2815,4179,2897,2
S_10_05_16_DSC00809.JPG,4078,2857,4141,2951,2
S_10_05_16_DSC00809.JPG,4445,3187,4508,3287,2
S_10_05_16_DSC00809.JPG,4867,3144,4952,3249,2
S_10_05_16_DSC00809.JPG,5136,2941,5198,3053,2
S_10_05_16_DSC00809.JPG,5131,3044,5194,3121,2
S_10_05_16_DSC00809.JPG,5074,3350,5135,3464,2
S_10_05_16_DSC00809.JPG,5466,3759,5535,3840,2
S_10_05_16_DSC00809.JPG,5606,3863,5690,3989,2
S_10_05_16_DSC00809.JPG,1691,3927,1750,4000,2
S_10_05_16_DSC00809.JPG,1616,3918,1672,4000,2
S_10_05_16_DSC00809.JPG,684,3540,782,3594,2
S_10_05_16_DSC00809.JPG,426,3940,481,4000,2
S_10_05_16_DSC00809.JPG,90,3307,185,3371,2
S_10_05_16_DSC00809.JPG,0,3201,34,3246,2
S_10_05_16_DSC00809.JPG,3562,1992,3636,2092,2
S_10_05_16_DSC00809.JPG,3529,2071,3566,2151,2
S_10_05_16_DSC00809.JPG,3814,1767,3853,1868,2
S_10_05_16_DSC00809.JPG,3779,1774,3810,1842,2
S_10_05_16_DSC00809.JPG,5062,1292,5123,1396,2
S_10_05_16_DSC00810.JPG,2888,396,2960,465,2
S_10_05_16_DSC00810.JPG,3141,734,3182,836,2
S_10_05_16_DSC00810.JPG,3161,730,3202,777,2
S_10_05_16_DSC00810.JPG,2474,1127,2544,1226,2
S_10_05_16_DSC00810.JPG,2114,955,2174,1014,2
S_10_05_16_DSC00810.JPG,1833,1207,1943,1268,2
S_10_05_16_DSC00810.JPG,2078,1518,2130,1587,2
S_10_05_16_DSC00810.JPG,1026,2262,1083,2350,2
S_10_05_16_DSC00810.JPG,1259,2537,1323,2635,2
S_10_05_16_DSC00810.JPG,1245,2724,1309,2820,2
S_10_05_16_DSC00810.JPG,1216,3075,1264,3185,2
S_10_05_16_DSC00810.JPG,1260,3123,1301,3199,2
S_10_05_16_DSC00810.JPG,1771,3074,1832,3114,2
S_10_05_16_DSC00810.JPG,1771,3245,1830,3356,2
S_10_05_16_DSC00810.JPG,1606,3444,1647,3532,2
S_10_05_16_DSC00810.JPG,1259,3468,1319,3545,2
S_10_05_16_DSC00810.JPG,1246,3672,1307,3780,2
S_10_05_16_DSC00810.JPG,1655,3707,1701,3829,2
S_10_05_16_DSC00810.JPG,2505,3876,2543,3984,2
S_10_05_16_DSC00810.JPG,2881,3665,2942,3773,2
S_10_05_16_DSC00810.JPG,2971,3536,3027,3588,2
S_10_05_16_DSC00810.JPG,2567,3086,2609,3154,2
S_10_05_16_DSC00810.JPG,2613,2836,2672,2940,2
S_10_05_16_DSC00810.JPG,2182,2734,2236,2826,2
S_10_05_16_DSC00810.JPG,2003,2620,2069,2672,2
S_10_05_16_DSC00810.JPG,2066,2642,2099,2708,2
S_10_05_16_DSC00810.JPG,2166,2579,2221,2669,2
S_10_05_16_DSC00810.JPG,2317,2413,2415,2472,2
S_10_05_16_DSC00810.JPG,2373,2269,2473,2312,2
S_10_05_16_DSC00810.JPG,2718,2598,2767,2675,2
S_10_05_16_DSC00810.JPG,3011,2725,3112,2787,2
S_10_05_16_DSC00810.JPG,2962,2846,3046,2888,2
S_10_05_16_DSC00810.JPG,2999,3079,3075,3153,2
S_10_05_16_DSC00810.JPG,4934,3533,4987,3653,2
S_10_05_16_DSC00810.JPG,4683,1562,4738,1661,2
S_10_05_16_DSC00810.JPG,4568,1523,4663,1593,2
S_10_05_16_DSC00811.JPG,5072,1650,5161,1726,2
S_10_05_16_DSC00811.JPG,2452,2827,2524,2900,2
S_10_05_16_DSC00811.JPG,2723,3194,2760,3303,2
S_10_05_16_DSC00811.JPG,1658,3415,1724,3480,2
S_10_05_16_DSC00811.JPG,2028,3597,2118,3706,2
S_10_05_16_DSC00811.JPG,1463,3712,1533,3811,2
S_10_05_16_DSC00824.JPG,1835,1464,1913,1561,2
S_10_05_16_DSC00824.JPG,1738,1369,1775,1431,2
S_10_05_16_DSC00824.JPG,1704,1438,1775,1528,2
S_10_05_16_DSC00824.JPG,1530,1489,1581,1590,2
S_10_05_16_DSC00824.JPG,2016,1220,2082,1335,2
S_10_05_16_DSC00824.JPG,1914,1035,1960,1089,2
S_10_05_16_DSC00824.JPG,1896,1077,1955,1167,2
S_10_05_16_DSC00824.JPG,2249,728,2311,830,2
S_10_05_16_DSC00824.JPG,2014,637,2065,755,2
S_10_05_16_DSC00824.JPG,1947,710,2021,814,2
S_10_05_16_DSC00824.JPG,1733,610,1818,684,2
S_10_05_16_DSC00824.JPG,1673,810,1757,890,2
S_10_05_16_DSC00824.JPG,1459,868,1529,951,2
S_10_05_16_DSC00824.JPG,1279,966,1367,1060,2
S_10_05_16_DSC00824.JPG,1186,950,1269,1041,2
S_10_05_16_DSC00824.JPG,1136,966,1185,1035,2
S_10_05_16_DSC00824.JPG,1088,919,1131,998,2
S_10_05_16_DSC00824.JPG,935,877,1015,971,2
S_10_05_16_DSC00824.JPG,1031,1075,1071,1133,2
S_10_05_16_DSC00824.JPG,932,1084,989,1157,2
S_10_05_16_DSC00824.JPG,839,1032,890,1108,2
S_10_05_16_DSC00824.JPG,1090,1175,1174,1252,2
S_10_05_16_DSC00824.JPG,1149,1405,1200,1501,2
S_10_05_16_DSC00824.JPG,658,1061,738,1155,2
S_10_05_16_DSC00824.JPG,836,731,925,781,2
S_10_05_16_DSC00824.JPG,518,753,620,820,2
S_10_05_16_DSC00824.JPG,487,900,545,1000,2
S_10_05_16_DSC00824.JPG,330,726,392,798,2
S_10_05_16_DSC00824.JPG,306,867,363,931,2
S_10_05_16_DSC00824.JPG,80,936,179,1001,2
S_10_05_16_DSC00824.JPG,221,556,294,645,2
S_10_05_16_DSC00824.JPG,0,583,38,687,2
S_10_05_16_DSC00824.JPG,839,411,918,500,2
S_10_05_16_DSC00824.JPG,1136,714,1223,795,2
S_10_05_16_DSC00824.JPG,384,353,460,439,2
S_10_05_16_DSC00824.JPG,241,284,302,367,2
S_10_05_16_DSC00824.JPG,184,300,239,364,2
S_10_05_16_DSC00824.JPG,78,197,143,287,2
S_10_05_16_DSC00824.JPG,1697,259,1762,343,2
S_10_05_16_DSC00824.JPG,1450,182,1523,245,2
S_10_05_16_DSC00824.JPG,1341,250,1430,352,2
S_10_05_16_DSC00906.JPG,2118,1568,2152,1637,3
S_10_05_16_DSC00906.JPG,1130,1323,1160,1382,3
S_10_05_16_DSC00906.JPG,1017,1502,1077,1561,3
S_10_05_16_DSC00907.JPG,2316,3681,2354,3733,3
S_10_05_16_DSC00907.JPG,1348,3456,1384,3523,3
S_10_05_16_DSC00907.JPG,1265,3617,1310,3674,3
S_10_05_16_DSC00907.JPG,360,151,434,203,3
S_10_05_16_DSC00907.JPG,225,65,325,138,3
S_10_05_16_DSC00907.JPG,806,521,842,598,3
S_10_05_16_DSC00908.JPG,4036,1590,4084,1620,3
S_10_05_16_DSC00908.JPG,816,2103,866,2163,3
S_10_05_16_DSC00908.JPG,432,2107,520,2148,3
S_10_05_16_DSC00908.JPG,756,2413,801,2468,3
S_10_05_16_DSC00908.JPG,745,2483,805,2543,3
S_10_05_16_DSC00908.JPG,813,2584,892,2633,3
S_10_05_16_DSC00908.JPG,158,2043,205,2065,3
S_10_05_16_DSC00908.JPG,102,1715,169,1743,3
S_10_05_16_DSC00908.JPG,34,1920,96,1946,3
S_10_05_16_DSC00908.JPG,0,1817,28,1865,3
S_10_05_16_DSC00908.JPG,4328,1001,4363,1057,3
S_10_05_16_DSC00908.JPG,5438,321,5502,363,3
S_10_05_16_DSC00908.JPG,2274,0,2337,17,3
S_10_05_16_DSC00908.JPG,1354,77,1384,124,3
S_10_05_16_DSC00909.JPG,3293,1356,3318,1396,3
S_10_05_16_DSC00909.JPG,2654,1195,2681,1254,3
S_10_05_16_DSC00909.JPG,2975,710,3012,758,3
S_10_05_16_DSC00909.JPG,3427,616,3472,657,3
S_10_05_16_DSC00909.JPG,3973,239,4014,266,3
S_10_05_16_DSC00909.JPG,4309,530,4332,592,3
S_10_05_16_DSC00909.JPG,4551,3704,4584,3751,3
S_10_05_16_DSC00909.JPG,5702,3088,5763,3124,3
S_10_05_16_DSC00909.JPG,2606,2475,2654,2523,3
S_10_05_16_DSC00909.JPG,2479,2510,2531,2534,3
S_10_05_16_DSC00909.JPG,1585,2541,1642,2564,3
S_10_05_16_DSC00909.JPG,1229,1943,1279,1962,3
S_10_05_16_DSC00909.JPG,1055,1822,1080,1871,3
S_10_05_16_DSC00909.JPG,1125,1713,1165,1747,3
S_10_05_16_DSC00909.JPG,1383,1134,1433,1167,3
S_10_05_16_DSC00909.JPG,1383,665,1445,690,3
S_10_05_16_DSC00909.JPG,1847,922,1890,948,3
S_10_05_16_DSC00910.JPG,3620,3036,3670,3082,3
S_10_05_16_DSC00910.JPG,3153,3124,3195,3168,3
S_10_05_16_DSC00910.JPG,4532,2975,4559,3047,3
S_10_05_16_DSC00910.JPG,3474,3817,3498,3860,3
S_10_05_16_DSC00910.JPG,2824,3634,2852,3689,3
S_10_05_16_DSC00910.JPG,1891,3339,1944,3360,3
S_10_05_16_DSC00910.JPG,1508,3509,1560,3545,3
S_10_05_16_DSC00910.JPG,1482,3080,1515,3123,3
S_10_05_16_DSC00910.JPG,4242,2682,4283,2719,3
S_10_05_16_DSC00910.JPG,504,1277,545,1331,3
S_10_05_16_DSC00911.JPG,576,3455,619,3517,3
S_10_05_16_DSC00930.JPG,4668,2418,4698,2484,4
S_10_05_16_DSC00930.JPG,4639,2359,4685,2420,4
S_10_05_16_DSC00930.JPG,4498,2397,4549,2456,4
S_10_05_16_DSC00930.JPG,5579,1317,5641,1402,2
S_10_05_16_DSC00930.JPG,5510,1316,5598,1372,2
S_10_05_16_DSC00955.JPG,2719,2337,2780,2375,5
S_10_05_16_DSC00955.JPG,2597,2377,2649,2404,5
S_10_05_16_DSC00955.JPG,2550,2410,2620,2444,5
S_10_05_16_DSC00955.JPG,2450,2456,2515,2495,5
00f062e946ccdb29a71c0c0f410ff6e2add728ad.JPG,1261,379,1292,391,6
00f062e946ccdb29a71c0c0f410ff6e2add728ad.JPG,935,259,966,278,6
00f062e946ccdb29a71c0c0f410ff6e2add728ad.JPG,893,278,937,303,6
00f062e946ccdb29a71c0c0f410ff6e2add728ad.JPG,1122,15,1152,27,6
00f062e946ccdb29a71c0c0f410ff6e2add728ad.JPG,919,2,953,30,6
00f062e946ccdb29a71c0c0f410ff6e2add728ad.JPG,1158,458,1177,484,6
00f062e946ccdb29a71c0c0f410ff6e2add728ad.JPG,1119,598,1150,645,6
00f062e946ccdb29a71c0c0f410ff6e2add728ad.JPG,3204,1321,3233,1356,6
00f062e946ccdb29a71c0c0f410ff6e2add728ad.JPG,3153,1927,3187,1958,6
00f062e946ccdb29a71c0c0f410ff6e2add728ad.JPG,3726,1860,3757,1883,6
00f062e946ccdb29a71c0c0f410ff6e2add728ad.JPG,3783,1982,3814,2035,6
00f062e946ccdb29a71c0c0f410ff6e2add728ad.JPG,3793,2035,3827,2056,6
00f062e946ccdb29a71c0c0f410ff6e2add728ad.JPG,3987,2027,4025,2045,6
00f062e946ccdb29a71c0c0f410ff6e2add728ad.JPG,4037,2008,4069,2022,6
00f062e946ccdb29a71c0c0f410ff6e2add728ad.JPG,4047,1954,4096,1973,6
00f062e946ccdb29a71c0c0f410ff6e2add728ad.JPG,3686,2251,3730,2264,6
00f062e946ccdb29a71c0c0f410ff6e2add728ad.JPG,4188,2218,4227,2255,6
00f062e946ccdb29a71c0c0f410ff6e2add728ad.JPG,4184,2137,4197,2162,6
00f062e946ccdb29a71c0c0f410ff6e2add728ad.JPG,4353,2105,4380,2126,6
00f062e946ccdb29a71c0c0f410ff6e2add728ad.JPG,963,2079,991,2120,6
00f46f6f471fbadbdce4a2e2378e47fc5dbd6f36.JPG,4066,284,4107,321,6
00f46f6f471fbadbdce4a2e2378e47fc5dbd6f36.JPG,3960,68,3976,87,6
01de5b7225fc89e56d57ae1e14cd945cb67f5a0e.JPG,1788,2490,1835,2520,6
01de5b7225fc89e56d57ae1e14cd945cb67f5a0e.JPG,1732,2537,1754,2552,6
01de5b7225fc89e56d57ae1e14cd945cb67f5a0e.JPG,1642,2636,1661,2674,6
01de5b7225fc89e56d57ae1e14cd945cb67f5a0e.JPG,1684,2661,1701,2704,6
01de5b7225fc89e56d57ae1e14cd945cb67f5a0e.JPG,1474,2625,1524,2649,6
01de5b7225fc89e56d57ae1e14cd945cb67f5a0e.JPG,1437,2642,1457,2688,6
01de5b7225fc89e56d57ae1e14cd945cb67f5a0e.JPG,1368,2665,1381,2692,6
01de5b7225fc89e56d57ae1e14cd945cb67f5a0e.JPG,2022,2790,2046,2832,6
01de5b7225fc89e56d57ae1e14cd945cb67f5a0e.JPG,2192,2686,2244,2709,6
01de5b7225fc89e56d57ae1e14cd945cb67f5a0e.JPG,1526,3256,1549,3306,6
01de5b7225fc89e56d57ae1e14cd945cb67f5a0e.JPG,1519,3275,1531,3300,6
01de5b7225fc89e56d57ae1e14cd945cb67f5a0e.JPG,1716,3482,1737,3518,6
01de5b7225fc89e56d57ae1e14cd945cb67f5a0e.JPG,2082,3563,2122,3587,6
01de5b7225fc89e56d57ae1e14cd945cb67f5a0e.JPG,1283,3292,1324,3322,6
01de5b7225fc89e56d57ae1e14cd945cb67f5a0e.JPG,365,3027,428,3060,6
01de5b7225fc89e56d57ae1e14cd945cb67f5a0e.JPG,297,3044,340,3083,6
01de5b7225fc89e56d57ae1e14cd945cb67f5a0e.JPG,342,2823,374,2861,6
01de5b7225fc89e56d57ae1e14cd945cb67f5a0e.JPG,503,2718,529,2762,6
01de5b7225fc89e56d57ae1e14cd945cb67f5a0e.JPG,389,2749,414,2773,6
01de5b7225fc89e56d57ae1e14cd945cb67f5a0e.JPG,344,2666,390,2693,6
01de5b7225fc89e56d57ae1e14cd945cb67f5a0e.JPG,383,2710,399,2735,6
01de5b7225fc89e56d57ae1e14cd945cb67f5a0e.JPG,1734,3497,1751,3529,6
0a1353fa78f70b7df7c10545641cedf179f6ecb6.JPG,1513,1777,1534,1804,6
0a1353fa78f70b7df7c10545641cedf179f6ecb6.JPG,1247,2068,1280,2089,6
0a1353fa78f70b7df7c10545641cedf179f6ecb6.JPG,1761,2643,1800,2662,6
0a1353fa78f70b7df7c10545641cedf179f6ecb6.JPG,1770,2873,1797,2918,6
0a1353fa78f70b7df7c10545641cedf179f6ecb6.JPG,1298,2814,1334,2855,6
0a4222b73e81da0d176cbb31f63b0b77835d97a7.JPG,4928,2707,4969,2749,6
0a4222b73e81da0d176cbb31f63b0b77835d97a7.JPG,4983,2749,5020,2787,6
0a4222b73e81da0d176cbb31f63b0b77835d97a7.JPG,4490,2215,4545,2238,6
0a4222b73e81da0d176cbb31f63b0b77835d97a7.JPG,5034,3333,5059,3373,6
0a4222b73e81da0d176cbb31f63b0b77835d97a7.JPG,4932,3387,4957,3419,6
0af7b1ea3a107e511353adbaba10c2e55a0bddf2.JPG,718,2127,789,2178,6
0af7b1ea3a107e511353adbaba10c2e55a0bddf2.JPG,675,1872,720,1950,6
0af7b1ea3a107e511353adbaba10c2e55a0bddf2.JPG,1633,3149,1685,3199,6
0af7b1ea3a107e511353adbaba10c2e55a0bddf2.JPG,1683,3211,1733,3296,6
0af7b1ea3a107e511353adbaba10c2e55a0bddf2.JPG,1708,3349,1740,3391,6
0af7b1ea3a107e511353adbaba10c2e55a0bddf2.JPG,1766,3243,1789,3306,6
0af7b1ea3a107e511353adbaba10c2e55a0bddf2.JPG,1779,3283,1812,3330,6
0af7b1ea3a107e511353adbaba10c2e55a0bddf2.JPG,1818,3270,1850,3304,6
0af7b1ea3a107e511353adbaba10c2e55a0bddf2.JPG,1837,3285,1911,3332,6
0af7b1ea3a107e511353adbaba10c2e55a0bddf2.JPG,3120,3336,3206,3378,6
0af7b1ea3a107e511353adbaba10c2e55a0bddf2.JPG,3630,3493,3689,3531,6
0af7b1ea3a107e511353adbaba10c2e55a0bddf2.JPG,3619,3518,3656,3545,6
0af7b1ea3a107e511353adbaba10c2e55a0bddf2.JPG,3904,3275,3949,3316,6
0af7b1ea3a107e511353adbaba10c2e55a0bddf2.JPG,4096,3226,4163,3289,6
0af7b1ea3a107e511353adbaba10c2e55a0bddf2.JPG,3874,2947,3948,3011,6
0af7b1ea3a107e511353adbaba10c2e55a0bddf2.JPG,4235,2954,4291,2984,6
0af7b1ea3a107e511353adbaba10c2e55a0bddf2.JPG,4355,3087,4384,3131,6
0af7b1ea3a107e511353adbaba10c2e55a0bddf2.JPG,4469,3471,4508,3551,6
0af7b1ea3a107e511353adbaba10c2e55a0bddf2.JPG,4766,2837,4842,2893,6
0b6e24eb7e5ec7b2d79be3d7374f35c39915f75a.JPG,5235,2099,5322,2140,6
0b92439bf75311907163a1a5b8575650496778e4.JPG,3660,3198,3746,3248,6
0ba82d15e73f11f3491133716abf76ffef9f08a6.JPG,1603,774,1642,827,6
0ba82d15e73f11f3491133716abf76ffef9f08a6.JPG,1209,1033,1252,1068,6
0ba82d15e73f11f3491133716abf76ffef9f08a6.JPG,1008,1238,1048,1271,6
0ba82d15e73f11f3491133716abf76ffef9f08a6.JPG,999,1258,1028,1292,6
0ba82d15e73f11f3491133716abf76ffef9f08a6.JPG,3576,3387,3632,3410,6
0ba82d15e73f11f3491133716abf76ffef9f08a6.JPG,3988,3482,4020,3542,6
0bcb68603f1d04e6da66bac87e722b61cb2b6b69.JPG,5220,1781,5268,1844,6
0bcb68603f1d04e6da66bac87e722b61cb2b6b69.JPG,5217,1733,5236,1762,6
0bcb68603f1d04e6da66bac87e722b61cb2b6b69.JPG,5154,1835,5205,1867,6
0bcb68603f1d04e6da66bac87e722b61cb2b6b69.JPG,5140,1888,5196,1933,6
0bcb68603f1d04e6da66bac87e722b61cb2b6b69.JPG,5199,1867,5255,1935,6
0bcb68603f1d04e6da66bac87e722b61cb2b6b69.JPG,5240,1888,5306,1916,6
0bcb68603f1d04e6da66bac87e722b61cb2b6b69.JPG,5424,1835,5459,1917,6
0bcb68603f1d04e6da66bac87e722b61cb2b6b69.JPG,5284,1922,5352,1962,6
0bcb68603f1d04e6da66bac87e722b61cb2b6b69.JPG,5330,1941,5427,1971,6
0bcb68603f1d04e6da66bac87e722b61cb2b6b69.JPG,5339,1971,5404,1993,6
0bcb68603f1d04e6da66bac87e722b61cb2b6b69.JPG,5354,2015,5432,2047,6
0bcb68603f1d04e6da66bac87e722b61cb2b6b69.JPG,5295,2043,5370,2090,6
0bcb68603f1d04e6da66bac87e722b61cb2b6b69.JPG,5293,2070,5351,2105,6
0bcb68603f1d04e6da66bac87e722b61cb2b6b69.JPG,5273,2092,5314,2107,6
0bcb68603f1d04e6da66bac87e722b61cb2b6b69.JPG,5303,2109,5375,2137,6
0bdff1fe05dd7bc20521abf7c7cada51652a103c.JPG,2093,2783,2117,2819,6
0be6bbfcb42a60fe493375dba2438b2c902b8763.JPG,5322,2598,5438,2689,6
0be6bbfcb42a60fe493375dba2438b2c902b8763.JPG,444,2755,510,2805,6
0be6bbfcb42a60fe493375dba2438b2c902b8763.JPG,669,3001,721,3042,6
0c03932864ef8e116d5f5c6085970b0324e72beb.JPG,4195,1938,4209,1968,6
0c03932864ef8e116d5f5c6085970b0324e72beb.JPG,4182,1904,4201,1935,6
0c03932864ef8e116d5f5c6085970b0324e72beb.JPG,4367,1352,4381,1378,6
0c03932864ef8e116d5f5c6085970b0324e72beb.JPG,4269,1221,4286,1250,6
0c03932864ef8e116d5f5c6085970b0324e72beb.JPG,4247,1031,4266,1070,6
0c03932864ef8e116d5f5c6085970b0324e72beb.JPG,3980,223,4004,245,6
0c03932864ef8e116d5f5c6085970b0324e72beb.JPG,4302,150,4339,166,6
0c03932864ef8e116d5f5c6085970b0324e72beb.JPG,4167,145,4192,163,6
0c64ebb74f22ff1dc956236bfd3b996e19208ba5.JPG,1683,852,1727,917,6
0c8edc16b27ffff94a17c13ad0db8317dfd14948.JPG,1782,945,1813,964,6
0c8edc16b27ffff94a17c13ad0db8317dfd14948.JPG,1756,1014,1787,1042,6
0c8edc16b27ffff94a17c13ad0db8317dfd14948.JPG,1739,1117,1774,1137,6
0c8edc16b27ffff94a17c13ad0db8317dfd14948.JPG,1695,1089,1734,1106,6
0c8edc16b27ffff94a17c13ad0db8317dfd14948.JPG,1717,1078,1731,1090,6
0c8edc16b27ffff94a17c13ad0db8317dfd14948.JPG,1688,1075,1705,1085,6
0c8edc16b27ffff94a17c13ad0db8317dfd14948.JPG,1676,1046,1698,1057,6
0c8edc16b27ffff94a17c13ad0db8317dfd14948.JPG,2058,916,2101,932,6
0c8edc16b27ffff94a17c13ad0db8317dfd14948.JPG,2118,864,2135,897,6
0cc6202f24123c88f94c1450309fde1f5ac1ce62.JPG,1289,925,1326,962,6
0d701d83d11c9fc5375972a26825bfff2d21a824.JPG,4234,1704,4257,1747,6
0d701d83d11c9fc5375972a26825bfff2d21a824.JPG,4221,1930,4252,1972,6
0d701d83d11c9fc5375972a26825bfff2d21a824.JPG,4362,1716,4413,1745,6
0d701d83d11c9fc5375972a26825bfff2d21a824.JPG,4369,1801,4410,1825,6
0d701d83d11c9fc5375972a26825bfff2d21a824.JPG,4440,1448,4493,1476,6
0d701d83d11c9fc5375972a26825bfff2d21a824.JPG,4392,1449,4420,1461,6
0d701d83d11c9fc5375972a26825bfff2d21a824.JPG,4370,1454,4405,1482,6
0d701d83d11c9fc5375972a26825bfff2d21a824.JPG,4707,1498,4742,1515,6
0d701d83d11c9fc5375972a26825bfff2d21a824.JPG,4747,1852,4772,1880,6
0d7555c46a6dc47ca13b614e14a718a03396b73e.JPG,5366,697,5393,727,6
0d7555c46a6dc47ca13b614e14a718a03396b73e.JPG,1911,1599,1961,1627,6
0d900dfa3a0a36c15c6b794c9a374689e4395a54.JPG,3037,1097,3089,1193,6
0d900dfa3a0a36c15c6b794c9a374689e4395a54.JPG,5185,1810,5289,1871,6
0d9068d3ddff54d05b7825cbc245e262f3fd2bf2.JPG,823,588,847,637,6
0daf347e36f24135e53b289d85de83f3a1011ac5.JPG,3832,938,3868,965,6
0daf347e36f24135e53b289d85de83f3a1011ac5.JPG,3996,997,4073,1043,6
0daf347e36f24135e53b289d85de83f3a1011ac5.JPG,4161,1063,4204,1121,6
0daf347e36f24135e53b289d85de83f3a1011ac5.JPG,4079,1173,4148,1210,6
0daf347e36f24135e53b289d85de83f3a1011ac5.JPG,4166,803,4207,855,6
0daf347e36f24135e53b289d85de83f3a1011ac5.JPG,4041,1472,4110,1519,6
0daf347e36f24135e53b289d85de83f3a1011ac5.JPG,3922,1471,4011,1510,6
0daf347e36f24135e53b289d85de83f3a1011ac5.JPG,3773,1306,3810,1397,6
0daf347e36f24135e53b289d85de83f3a1011ac5.JPG,4096,1467,4159,1537,6
0daf347e36f24135e53b289d85de83f3a1011ac5.JPG,3950,957,3982,1005,6
0daf347e36f24135e53b289d85de83f3a1011ac5.JPG,4202,470,4275,537,6
0daf347e36f24135e53b289d85de83f3a1011ac5.JPG,4490,197,4549,252,6
0daf347e36f24135e53b289d85de83f3a1011ac5.JPG,4668,312,4751,354,6
0daf347e36f24135e53b289d85de83f3a1011ac5.JPG,4687,347,4769,429,6
0ddb47e106e769baa6b2f853e2597eb0c9784a68.JPG,926,967,982,1059,6
0ddb47e106e769baa6b2f853e2597eb0c9784a68.JPG,493,1088,549,1141,6
0df8cbe13350f5b20d9d4156577709895c315e85.JPG,3143,652,3164,687,6
0df8cbe13350f5b20d9d4156577709895c315e85.JPG,2915,579,2957,604,6
0df8cbe13350f5b20d9d4156577709895c315e85.JPG,3149,472,3179,489,6
0df8cbe13350f5b20d9d4156577709895c315e85.JPG,3147,518,3169,529,6
0df8cbe13350f5b20d9d4156577709895c315e85.JPG,3264,463,3293,477,6
0df8cbe13350f5b20d9d4156577709895c315e85.JPG,3254,477,3290,500,6
0df8cbe13350f5b20d9d4156577709895c315e85.JPG,3288,470,3313,486,6
0df8cbe13350f5b20d9d4156577709895c315e85.JPG,3313,458,3352,476,6
0df8cbe13350f5b20d9d4156577709895c315e85.JPG,3395,438,3425,453,6
0df8cbe13350f5b20d9d4156577709895c315e85.JPG,3451,538,3475,553,6
0df8cbe13350f5b20d9d4156577709895c315e85.JPG,3599,729,3624,756,6
0df8cbe13350f5b20d9d4156577709895c315e85.JPG,3182,279,3222,314,6
0df8cbe13350f5b20d9d4156577709895c315e85.JPG,4977,249,5010,269,6
0df8cbe13350f5b20d9d4156577709895c315e85.JPG,4958,342,5000,371,6
0dfa8788ee237322431e2e8bbe388a4520ec4995.JPG,2990,1843,3002,1871,6
0dfa8788ee237322431e2e8bbe388a4520ec4995.JPG,3015,1949,3041,1965,6
0dfa8788ee237322431e2e8bbe388a4520ec4995.JPG,2906,2023,2928,2043,6
0dfa8788ee237322431e2e8bbe388a4520ec4995.JPG,3513,444,3537,466,6
0dfa8788ee237322431e2e8bbe388a4520ec4995.JPG,3615,207,3636,231,6
0dfa8788ee237322431e2e8bbe388a4520ec4995.JPG,3849,197,3876,216,6
0dfa8788ee237322431e2e8bbe388a4520ec4995.JPG,1621,147,1649,171,6
0e322261a2ea26f96e4f655707e383988bb3ece3.JPG,4507,2839,4537,2871,6
0e322261a2ea26f96e4f655707e383988bb3ece3.JPG,4197,2886,4233,2920,6
0e322261a2ea26f96e4f655707e383988bb3ece3.JPG,3993,3108,4032,3133,6
0e322261a2ea26f96e4f655707e383988bb3ece3.JPG,4648,2191,4685,2228,6
0e78fa54023a5a1cd7353c7df00b94b7618f50cd.JPG,5036,3205,5078,3251,6
0e78fa54023a5a1cd7353c7df00b94b7618f50cd.JPG,4847,3602,4880,3645,6
0ea088fd61a7af5c2008f92e37d557e934ef633e.JPG,3677,3563,3730,3592,6
0ea088fd61a7af5c2008f92e37d557e934ef633e.JPG,3557,3616,3594,3637,6
0ea088fd61a7af5c2008f92e37d557e934ef633e.JPG,3778,3601,3813,3639,6
0ea088fd61a7af5c2008f92e37d557e934ef633e.JPG,3739,3605,3775,3627,6
0ea2fd7b31f21c04b88a53bf07dd65dcd74179be.JPG,3223,1995,3237,2021,6
0ea2fd7b31f21c04b88a53bf07dd65dcd74179be.JPG,3229,2085,3249,2111,6
0ea2fd7b31f21c04b88a53bf07dd65dcd74179be.JPG,3226,2091,3236,2113,6
0ea2fd7b31f21c04b88a53bf07dd65dcd74179be.JPG,3187,2035,3208,2066,6
0ea2fd7b31f21c04b88a53bf07dd65dcd74179be.JPG,3172,2072,3192,2107,6
0ea2fd7b31f21c04b88a53bf07dd65dcd74179be.JPG,3130,2075,3154,2106,6
0ea2fd7b31f21c04b88a53bf07dd65dcd74179be.JPG,3570,1886,3585,1918,6
0ea2fd7b31f21c04b88a53bf07dd65dcd74179be.JPG,3405,1880,3430,1903,6
0ea2fd7b31f21c04b88a53bf07dd65dcd74179be.JPG,3839,1798,3852,1825,6
0ea2fd7b31f21c04b88a53bf07dd65dcd74179be.JPG,3868,1821,3888,1841,6
0ea2fd7b31f21c04b88a53bf07dd65dcd74179be.JPG,3951,1548,3971,1581,6
0ea2fd7b31f21c04b88a53bf07dd65dcd74179be.JPG,3933,2191,3961,2212,6
0ea2fd7b31f21c04b88a53bf07dd65dcd74179be.JPG,3845,2334,3875,2366,6
0ea2fd7b31f21c04b88a53bf07dd65dcd74179be.JPG,3863,2388,3882,2400,6
0ea2fd7b31f21c04b88a53bf07dd65dcd74179be.JPG,3892,2399,3917,2417,6
0ea2fd7b31f21c04b88a53bf07dd65dcd74179be.JPG,3862,2438,3884,2468,6
0ea2fd7b31f21c04b88a53bf07dd65dcd74179be.JPG,3829,2446,3865,2467,6
0ea2fd7b31f21c04b88a53bf07dd65dcd74179be.JPG,3715,2800,3738,2837,6
0ea2fd7b31f21c04b88a53bf07dd65dcd74179be.JPG,3751,2837,3777,2859,6
0ea2fd7b31f21c04b88a53bf07dd65dcd74179be.JPG,3732,3057,3750,3095,6
0eb1d6980f1cd09b0b3857b90fbd3ced63495e62.JPG,3417,3185,3445,3234,6
0eb1d6980f1cd09b0b3857b90fbd3ced63495e62.JPG,3506,3230,3543,3248,6
0eb1d6980f1cd09b0b3857b90fbd3ced63495e62.JPG,3271,2577,3294,2616,6
0eb1d6980f1cd09b0b3857b90fbd3ced63495e62.JPG,3564,3426,3597,3449,6
0eb1d6980f1cd09b0b3857b90fbd3ced63495e62.JPG,3444,3437,3468,3449,6
0eb1d6980f1cd09b0b3857b90fbd3ced63495e62.JPG,3529,3504,3580,3524,6
0ecb94080b96ff86e359c7f2179ea16b8df3e4eb.JPG,3222,3010,3292,3049,6
0ecb94080b96ff86e359c7f2179ea16b8df3e4eb.JPG,3307,3089,3360,3116,6
0ecb94080b96ff86e359c7f2179ea16b8df3e4eb.JPG,3430,3135,3505,3186,6
0ecb94080b96ff86e359c7f2179ea16b8df3e4eb.JPG,4647,2670,4718,2721,6
0ecb94080b96ff86e359c7f2179ea16b8df3e4eb.JPG,4780,2724,4832,2783,6
0ecb94080b96ff86e359c7f2179ea16b8df3e4eb.JPG,4720,2622,4749,2667,6
0f5e855972a22b049ca564b99727c5c3900dba4d.JPG,3147,1755,3179,1824,6
0f5e855972a22b049ca564b99727c5c3900dba4d.JPG,3113,1538,3149,1603,6
0f5e855972a22b049ca564b99727c5c3900dba4d.JPG,3079,1380,3108,1425,6
0f5e855972a22b049ca564b99727c5c3900dba4d.JPG,3086,1426,3112,1472,6
0f5e855972a22b049ca564b99727c5c3900dba4d.JPG,3049,1129,3081,1175,6
0f5e855972a22b049ca564b99727c5c3900dba4d.JPG,3000,1028,3041,1095,6
0f5e855972a22b049ca564b99727c5c3900dba4d.JPG,2975,966,3015,1029,6
0f5e855972a22b049ca564b99727c5c3900dba4d.JPG,2919,822,2961,881,6
0f5e855972a22b049ca564b99727c5c3900dba4d.JPG,2956,449,2983,505,6
0f5e855972a22b049ca564b99727c5c3900dba4d.JPG,2993,358,3023,422,6
0f5e855972a22b049ca564b99727c5c3900dba4d.JPG,3034,272,3058,322,6
0f5e855972a22b049ca564b99727c5c3900dba4d.JPG,3049,181,3077,248,6
0f5e855972a22b049ca564b99727c5c3900dba4d.JPG,3071,85,3093,121,6
0f5e855972a22b049ca564b99727c5c3900dba4d.JPG,3072,17,3097,94,6
0f5e855972a22b049ca564b99727c5c3900dba4d.JPG,4395,3270,4444,3353,6
0f6a5ba983e79b22547e5396968647a58bc3f65c.JPG,2405,2091,2439,2144,6
0f6a5ba983e79b22547e5396968647a58bc3f65c.JPG,2260,2288,2314,2312,6
0f6a5ba983e79b22547e5396968647a58bc3f65c.JPG,3297,3126,3336,3172,6
0f841fe1ee64f76e9cc218e74e8d077e1f836b83.JPG,4889,83,4912,140,6
0f841fe1ee64f76e9cc218e74e8d077e1f836b83.JPG,4823,138,4895,208,6
0f841fe1ee64f76e9cc218e74e8d077e1f836b83.JPG,4789,233,4814,278,6
0f841fe1ee64f76e9cc218e74e8d077e1f836b83.JPG,1519,494,1601,531,6
0f841fe1ee64f76e9cc218e74e8d077e1f836b83.JPG,1417,506,1478,530,6
0f841fe1ee64f76e9cc218e74e8d077e1f836b83.JPG,1298,568,1359,596,6
0f9e1d527eb9c893ab6807237706259fdd2df7ab.JPG,4168,967,4241,997,6
0f9e1d527eb9c893ab6807237706259fdd2df7ab.JPG,1972,1748,2024,1779,6
0f9e1d527eb9c893ab6807237706259fdd2df7ab.JPG,1873,1768,1898,1817,6
0fc58dfe6bdd50a54a55c4505ea08128a16eef3e.JPG,2988,988,3019,1013,6
0fd5ba32f00698a140e080008c2af81b2ae9fa5c.JPG,2176,1511,2191,1531,6
0fd5ba32f00698a140e080008c2af81b2ae9fa5c.JPG,2134,1570,2149,1609,6
0fd5ba32f00698a140e080008c2af81b2ae9fa5c.JPG,2459,1946,2480,1986,6
0fd5ba32f00698a140e080008c2af81b2ae9fa5c.JPG,3123,2705,3142,2748,6
0fd5ba32f00698a140e080008c2af81b2ae9fa5c.JPG,3218,3361,3249,3380,6
0fd5ba32f00698a140e080008c2af81b2ae9fa5c.JPG,3371,3417,3387,3443,6
0fd5ba32f00698a140e080008c2af81b2ae9fa5c.JPG,3095,3506,3114,3543,6
0fd5ba32f00698a140e080008c2af81b2ae9fa5c.JPG,3143,3606,3177,3627,6
0fd5ba32f00698a140e080008c2af81b2ae9fa5c.JPG,3298,3617,3315,3644,6
0fd5ba32f00698a140e080008c2af81b2ae9fa5c.JPG,3227,3658,3243,3670,6
0fd5ba32f00698a140e080008c2af81b2ae9fa5c.JPG,3241,3664,3253,3670,6
0fd600c8c9c41ed3f3d011550184405f5524c495.JPG,1160,1811,1231,1881,6
0fd600c8c9c41ed3f3d011550184405f5524c495.JPG,1085,1706,1135,1752,6
0fd600c8c9c41ed3f3d011550184405f5524c495.JPG,952,1678,1043,1713,6
1a30f61c368dfcb2010da94ab84c0c734376f7fd.JPG,1213,1043,1238,1063,6
1a30f61c368dfcb2010da94ab84c0c734376f7fd.JPG,1279,1094,1302,1107,6
1a30f61c368dfcb2010da94ab84c0c734376f7fd.JPG,1314,1101,1329,1122,6
1a30f61c368dfcb2010da94ab84c0c734376f7fd.JPG,1302,1166,1321,1191,6
1a30f61c368dfcb2010da94ab84c0c734376f7fd.JPG,1490,1036,1506,1058,6
1a30f61c368dfcb2010da94ab84c0c734376f7fd.JPG,1514,1101,1550,1125,6
1a30f61c368dfcb2010da94ab84c0c734376f7fd.JPG,1649,1029,1669,1060,6
1a30f61c368dfcb2010da94ab84c0c734376f7fd.JPG,1672,1065,1689,1091,6
1a30f61c368dfcb2010da94ab84c0c734376f7fd.JPG,1687,1088,1708,1109,6
1a30f61c368dfcb2010da94ab84c0c734376f7fd.JPG,1671,1143,1692,1159,6
1a30f61c368dfcb2010da94ab84c0c734376f7fd.JPG,1605,1146,1625,1159,6
1a30f61c368dfcb2010da94ab84c0c734376f7fd.JPG,1675,1360,1699,1390,6
1a30f61c368dfcb2010da94ab84c0c734376f7fd.JPG,1690,1323,1710,1345,6
1a30f61c368dfcb2010da94ab84c0c734376f7fd.JPG,1819,1616,1839,1648,6
1a30f61c368dfcb2010da94ab84c0c734376f7fd.JPG,1804,1712,1822,1754,6
1a30f61c368dfcb2010da94ab84c0c734376f7fd.JPG,1788,1759,1812,1785,6
1a30f61c368dfcb2010da94ab84c0c734376f7fd.JPG,1904,1798,1931,1815,6
1a30f61c368dfcb2010da94ab84c0c734376f7fd.JPG,1732,1894,1765,1923,6
1a30f61c368dfcb2010da94ab84c0c734376f7fd.JPG,1826,1917,1843,1937,6
1a30f61c368dfcb2010da94ab84c0c734376f7fd.JPG,1817,1938,1843,1951,6
1a30f61c368dfcb2010da94ab84c0c734376f7fd.JPG,1722,2015,1744,2038,6
1a30f61c368dfcb2010da94ab84c0c734376f7fd.JPG,1746,2095,1768,2118,6
1a30f61c368dfcb2010da94ab84c0c734376f7fd.JPG,1753,2254,1772,2291,6
1a30f61c368dfcb2010da94ab84c0c734376f7fd.JPG,1702,2232,1712,2253,6
1a30f61c368dfcb2010da94ab84c0c734376f7fd.JPG,1683,2231,1697,2257,6
1a30f61c368dfcb2010da94ab84c0c734376f7fd.JPG,1651,2219,1675,2243,6
1a30f61c368dfcb2010da94ab84c0c734376f7fd.JPG,1458,2163,1493,2187,6
1a30f61c368dfcb2010da94ab84c0c734376f7fd.JPG,1476,2150,1488,2166,6
1a30f61c368dfcb2010da94ab84c0c734376f7fd.JPG,1397,2141,1418,2168,6
1a30f61c368dfcb2010da94ab84c0c734376f7fd.JPG,1323,2275,1354,2291,6
1a30f61c368dfcb2010da94ab84c0c734376f7fd.JPG,1298,2259,1314,2291,6
1a30f61c368dfcb2010da94ab84c0c734376f7fd.JPG,565,1899,594,1936,6
1a4965157dabb0b21c9497eb44cf54ad4796e4ab.JPG,4514,40,4585,78,6
1a849a7b7d3ed837ac2a4b187b74f21dcc7de0d8.JPG,1348,2021,1375,2075,6
1a849a7b7d3ed837ac2a4b187b74f21dcc7de0d8.JPG,1374,2221,1420,2252,6
1a849a7b7d3ed837ac2a4b187b74f21dcc7de0d8.JPG,1297,2123,1358,2177,6
1a849a7b7d3ed837ac2a4b187b74f21dcc7de0d8.JPG,1287,2176,1326,2229,6
1a849a7b7d3ed837ac2a4b187b74f21dcc7de0d8.JPG,1142,2301,1215,2343,6
1a849a7b7d3ed837ac2a4b187b74f21dcc7de0d8.JPG,1235,2340,1308,2397,6
1a849a7b7d3ed837ac2a4b187b74f21dcc7de0d8.JPG,875,2203,951,2235,6
1a849a7b7d3ed837ac2a4b187b74f21dcc7de0d8.JPG,760,2087,837,2125,6
1a849a7b7d3ed837ac2a4b187b74f21dcc7de0d8.JPG,1072,2068,1130,2113,6
1a849a7b7d3ed837ac2a4b187b74f21dcc7de0d8.JPG,1187,2053,1220,2090,6
1a849a7b7d3ed837ac2a4b187b74f21dcc7de0d8.JPG,1216,2055,1271,2103,6
1a849a7b7d3ed837ac2a4b187b74f21dcc7de0d8.JPG,1235,1961,1273,2063,6
1a849a7b7d3ed837ac2a4b187b74f21dcc7de0d8.JPG,1190,1940,1226,2007,6
1a849a7b7d3ed837ac2a4b187b74f21dcc7de0d8.JPG,546,1848,632,1881,6
1a849a7b7d3ed837ac2a4b187b74f21dcc7de0d8.JPG,1022,1315,1093,1348,6
1a849a7b7d3ed837ac2a4b187b74f21dcc7de0d8.JPG,1195,135,1253,193,6
1a849a7b7d3ed837ac2a4b187b74f21dcc7de0d8.JPG,1262,192,1317,236,6
1a849a7b7d3ed837ac2a4b187b74f21dcc7de0d8.JPG,1172,339,1220,386,6
1a849a7b7d3ed837ac2a4b187b74f21dcc7de0d8.JPG,1154,365,1188,408,6
1a849a7b7d3ed837ac2a4b187b74f21dcc7de0d8.JPG,1778,665,1810,723,6
1a849a7b7d3ed837ac2a4b187b74f21dcc7de0d8.JPG,1716,725,1750,786,6
1a849a7b7d3ed837ac2a4b187b74f21dcc7de0d8.JPG,2696,361,2730,412,6
1a849a7b7d3ed837ac2a4b187b74f21dcc7de0d8.JPG,2706,409,2727,463,6
1a849a7b7d3ed837ac2a4b187b74f21dcc7de0d8.JPG,2672,547,2722,611,6
1a849a7b7d3ed837ac2a4b187b74f21dcc7de0d8.JPG,2731,672,2796,701,6
1a849a7b7d3ed837ac2a4b187b74f21dcc7de0d8.JPG,2718,696,2741,729,6
1a849a7b7d3ed837ac2a4b187b74f21dcc7de0d8.JPG,2625,707,2716,745,6
1a849a7b7d3ed837ac2a4b187b74f21dcc7de0d8.JPG,2624,731,2692,776,6
1a849a7b7d3ed837ac2a4b187b74f21dcc7de0d8.JPG,2683,755,2717,801,6
1a849a7b7d3ed837ac2a4b187b74f21dcc7de0d8.JPG,2354,861,2420,888,6
1a849a7b7d3ed837ac2a4b187b74f21dcc7de0d8.JPG,2663,838,2707,923,6
1a849a7b7d3ed837ac2a4b187b74f21dcc7de0d8.JPG,2668,909,2691,960,6
1a849a7b7d3ed837ac2a4b187b74f21dcc7de0d8.JPG,2568,949,2595,996,6
1a849a7b7d3ed837ac2a4b187b74f21dcc7de0d8.JPG,2677,1035,2751,1087,6
1a849a7b7d3ed837ac2a4b187b74f21dcc7de0d8.JPG,3201,810,3243,900,6
1a849a7b7d3ed837ac2a4b187b74f21dcc7de0d8.JPG,3977,422,4073,463,6
1b5759ebc9cf8795b343dd76af6de1392f784a44.JPG,2880,1655,2921,1677,6
1bae3fccd236256a6cdf1755d4a52c865ad2a9f6.JPG,2410,2009,2442,2035,6
1bf3fad5b1c35b0534622735eda6b6cc5db54f51.JPG,4666,1766,4698,1830,6
1bf3fad5b1c35b0534622735eda6b6cc5db54f51.JPG,4565,1776,4640,1822,6
1c14b31897595ab63a3209b41c17faa987d98cd0.JPG,3255,1062,3307,1090,6
1c14b31897595ab63a3209b41c17faa987d98cd0.JPG,3542,1099,3580,1139,6
1c14b31897595ab63a3209b41c17faa987d98cd0.JPG,3457,1181,3482,1197,6
1c14b31897595ab63a3209b41c17faa987d98cd0.JPG,3475,1185,3486,1208,6
1c14b31897595ab63a3209b41c17faa987d98cd0.JPG,3422,1208,3452,1244,6
1c14b31897595ab63a3209b41c17faa987d98cd0.JPG,3729,1133,3765,1162,6
1c14b31897595ab63a3209b41c17faa987d98cd0.JPG,2930,1955,2950,2004,6
1c14b31897595ab63a3209b41c17faa987d98cd0.JPG,2912,1999,2929,2019,6
1c14b31897595ab63a3209b41c17faa987d98cd0.JPG,2855,2073,2886,2107,6
1c14b31897595ab63a3209b41c17faa987d98cd0.JPG,2912,2168,2937,2196,6
1c14b31897595ab63a3209b41c17faa987d98cd0.JPG,2645,2083,2681,2134,6
1c14b31897595ab63a3209b41c17faa987d98cd0.JPG,2506,2060,2547,2082,6
1c14b31897595ab63a3209b41c17faa987d98cd0.JPG,2009,2927,2047,2947,6
1c14b31897595ab63a3209b41c17faa987d98cd0.JPG,1807,3063,1861,3092,6
1c14b31897595ab63a3209b41c17faa987d98cd0.JPG,1833,3095,1857,3122,6
1c14b31897595ab63a3209b41c17faa987d98cd0.JPG,1873,3106,1893,3152,6
1c14b31897595ab63a3209b41c17faa987d98cd0.JPG,3141,3099,3171,3150,6
1c14b31897595ab63a3209b41c17faa987d98cd0.JPG,3044,3379,3077,3412,6
1c1fdad4b1acac9b99f89417cead4ecbf67525ba.JPG,973,3399,1010,3430,6
1c254f679f6f1de9396f0a3f37c49046d1e06db7.JPG,3960,3478,4001,3516,6
1c5e004c9718432bc4f575ac3a0741b6368355f7.JPG,2639,1691,2689,1707,6
1c5e004c9718432bc4f575ac3a0741b6368355f7.JPG,2405,1867,2447,1889,6
1c5e004c9718432bc4f575ac3a0741b6368355f7.JPG,2585,1274,2620,1306,6
1c5e004c9718432bc4f575ac3a0741b6368355f7.JPG,2762,1191,2778,1220,6
1c5e004c9718432bc4f575ac3a0741b6368355f7.JPG,2011,1272,2043,1285,6
1c5e004c9718432bc4f575ac3a0741b6368355f7.JPG,1832,1144,1879,1172,6
1d03df018eca83e23ee6c22fd28c515abe9d48dc.JPG,1411,1228,1454,1290,6
1d22e63ce436db0a78e20036c47dd1e5def19c01.JPG,232,2639,266,2702,6
1d3e6c5daa4a821915ffd11f8a917efaf2ddc986.JPG,4276,290,4307,336,6
1d3e6c5daa4a821915ffd11f8a917efaf2ddc986.JPG,4305,286,4325,328,6
1d3e6c5daa4a821915ffd11f8a917efaf2ddc986.JPG,4380,321,4409,358,6
1d3e6c5daa4a821915ffd11f8a917efaf2ddc986.JPG,4410,350,4435,369,6
1d3e6c5daa4a821915ffd11f8a917efaf2ddc986.JPG,4389,383,4424,407,6
1d3e6c5daa4a821915ffd11f8a917efaf2ddc986.JPG,4538,304,4564,338,6
1d3e6c5daa4a821915ffd11f8a917efaf2ddc986.JPG,4501,301,4520,326,6
1d3e6c5daa4a821915ffd11f8a917efaf2ddc986.JPG,4463,349,4518,374,6
1d3e6c5daa4a821915ffd11f8a917efaf2ddc986.JPG,4447,357,4465,393,6
1d3e6c5daa4a821915ffd11f8a917efaf2ddc986.JPG,4730,294,4776,321,6
1df6426b66436c4e4aefa1cb683e5e0f764941c8.JPG,2450,1293,2476,1333,6
1df6426b66436c4e4aefa1cb683e5e0f764941c8.JPG,2124,936,2142,970,6
1df6426b66436c4e4aefa1cb683e5e0f764941c8.JPG,2175,869,2197,887,6
1df6426b66436c4e4aefa1cb683e5e0f764941c8.JPG,3372,2724,3389,2745,6
1df6426b66436c4e4aefa1cb683e5e0f764941c8.JPG,3223,2671,3255,2686,6
1df6426b66436c4e4aefa1cb683e5e0f764941c8.JPG,3101,2825,3117,2855,6
1df6426b66436c4e4aefa1cb683e5e0f764941c8.JPG,3301,2922,3314,2950,6
1df6426b66436c4e4aefa1cb683e5e0f764941c8.JPG,3146,2920,3183,2938,6
1df6426b66436c4e4aefa1cb683e5e0f764941c8.JPG,3268,2982,3281,3007,6
1df6426b66436c4e4aefa1cb683e5e0f764941c8.JPG,3231,2966,3248,2999,6
1df6426b66436c4e4aefa1cb683e5e0f764941c8.JPG,3213,2993,3227,3009,6
1df6426b66436c4e4aefa1cb683e5e0f764941c8.JPG,3246,2971,3256,2989,6
1df6426b66436c4e4aefa1cb683e5e0f764941c8.JPG,3423,3474,3449,3515,6
1df6426b66436c4e4aefa1cb683e5e0f764941c8.JPG,3555,3403,3573,3436,6
1df6426b66436c4e4aefa1cb683e5e0f764941c8.JPG,2981,3468,3006,3495,6
1df6426b66436c4e4aefa1cb683e5e0f764941c8.JPG,2947,3469,2984,3489,6
1df6426b66436c4e4aefa1cb683e5e0f764941c8.JPG,2936,3473,2953,3485,6
1df6426b66436c4e4aefa1cb683e5e0f764941c8.JPG,2933,3495,2955,3514,6
1df6426b66436c4e4aefa1cb683e5e0f764941c8.JPG,2876,3511,2905,3525,6
1df6426b66436c4e4aefa1cb683e5e0f764941c8.JPG,2882,3551,2897,3572,6
1e09abc042436630c66e62166d02b9b15e83b2d0.JPG,5119,1000,5252,1090,6
1e363201dbec4dc8e0f2d7ba84b38621ca487060.JPG,2812,812,2848,831,6
1e363201dbec4dc8e0f2d7ba84b38621ca487060.JPG,2602,515,2633,536,6
1e363201dbec4dc8e0f2d7ba84b38621ca487060.JPG,2772,120,2802,148,6
1e363201dbec4dc8e0f2d7ba84b38621ca487060.JPG,2706,1667,2725,1709,6
1e363201dbec4dc8e0f2d7ba84b38621ca487060.JPG,2718,1858,2733,1890,6
1e363201dbec4dc8e0f2d7ba84b38621ca487060.JPG,2802,1981,2819,2009,6
1e363201dbec4dc8e0f2d7ba84b38621ca487060.JPG,2593,2522,2608,2552,6
1e363201dbec4dc8e0f2d7ba84b38621ca487060.JPG,2600,2555,2615,2586,6
1e8795c6531530e25fd494e7dbaa977a94e8014c.JPG,3632,2268,3675,2289,6
1e8795c6531530e25fd494e7dbaa977a94e8014c.JPG,3619,2598,3659,2644,6
1e97a6c1f25481be6f9bfe33aa5e98fee71d82fb.JPG,1333,2426,1380,2474,6
1e97a6c1f25481be6f9bfe33aa5e98fee71d82fb.JPG,946,2663,989,2699,6
1e97a6c1f25481be6f9bfe33aa5e98fee71d82fb.JPG,749,2862,792,2891,6
1e97a6c1f25481be6f9bfe33aa5e98fee71d82fb.JPG,739,2877,776,2918,6
